DT_DEBUT_MOIS,ID_REGN_ADMIN,CD_PLAGE_PRIX,CD_NATR_ACTE_JURDQ,NB_REQST
2020-01-01,"01","1","001",191
2020-01-01,"01","2","001",14
2020-01-01,"01","3","001",7
2020-01-01,"02","1","001",241
2020-01-01,"02","2","001",44
2020-01-01,"02","3","001",5
2020-01-01,"03","1","001",432
2020-01-01,"03","2","001",207
2020-01-01,"03","3","001",55
2020-01-01,"04","1","001",342
2020-01-01,"04","2","001",39
2020-01-01,"04","3","001",4
2020-01-01,"05","1","001",301
2020-01-01,"05","2","001",94
2020-01-01,"05","3","001",29
2020-01-01,"06","1","001",317
2020-01-01,"06","2","001",841
2020-01-01,"06","3","001",754
2020-01-01,"07","1","001",372
2020-01-01,"07","2","001",195
2020-01-01,"07","3","001",56
2020-01-01,"08","1","001",138
2020-01-01,"08","2","001",45
2020-01-01,"08","3","001",7
2020-01-01,"09","1","001",88
2020-01-01,"09","2","001",8
2020-01-01,"09","3","001",2
2020-01-01,"11","1","001",134
2020-01-01,"11","2","001",7
2020-01-01,"12","1","001",440
2020-01-01,"12","2","001",77
2020-01-01,"12","3","001",25
2020-01-01,"13","1","001",143
2020-01-01,"13","2","001",209
2020-01-01,"13","3","001",68
2020-01-01,"14","1","001",433
2020-01-01,"14","2","001",187
2020-01-01,"14","3","001",46
2020-01-01,"15","1","001",634
2020-01-01,"15","2","001",348
2020-01-01,"15","3","001",110
2020-01-01,"16","1","001",1050
2020-01-01,"16","2","001",848
2020-01-01,"16","3","001",293
2020-01-01,"17","1","001",221
2020-01-01,"17","2","001",42
2020-01-01,"17","3","001",27
2020-02-01,"01","1","001",206
2020-02-01,"01","2","001",24
2020-02-01,"01","3","001",7
2020-02-01,"02","1","001",325
2020-02-01,"02","2","001",30
2020-02-01,"02","3","001",5
2020-02-01,"03","1","001",454
2020-02-01,"03","2","001",200
2020-02-01,"03","3","001",80
2020-02-01,"04","1","001",334
2020-02-01,"04","2","001",44
2020-02-01,"04","3","001",14
2020-02-01,"05","1","001",334
2020-02-01,"05","2","001",87
2020-02-01,"05","3","001",39
2020-02-01,"06","1","001",349
2020-02-01,"06","2","001",884
2020-02-01,"06","3","001",788
2020-02-01,"07","1","001",355
2020-02-01,"07","2","001",180
2020-02-01,"07","3","001",47
2020-02-01,"08","1","001",138
2020-02-01,"08","2","001",29
2020-02-01,"08","3","001",7
2020-02-01,"09","1","001",87
2020-02-01,"09","2","001",9
2020-02-01,"09","3","001",2
2020-02-01,"11","1","001",122
2020-02-01,"11","2","001",1
2020-02-01,"11","3","001",2
2020-02-01,"12","1","001",436
2020-02-01,"12","2","001",84
2020-02-01,"12","3","001",37
2020-02-01,"13","1","001",132
2020-02-01,"13","2","001",230
2020-02-01,"13","3","001",104
2020-02-01,"14","1","001",497
2020-02-01,"14","2","001",241
2020-02-01,"14","3","001",50
2020-02-01,"15","1","001",685
2020-02-01,"15","2","001",423
2020-02-01,"15","3","001",119
2020-02-01,"16","1","001",1129
2020-02-01,"16","2","001",875
2020-02-01,"16","3","001",285
2020-02-01,"17","1","001",276
2020-02-01,"17","2","001",43
2020-02-01,"17","3","001",20
2020-03-01,"01","1","001",247
2020-03-01,"01","2","001",21
2020-03-01,"01","3","001",7
2020-03-01,"02","1","001",317
2020-03-01,"02","2","001",43
2020-03-01,"02","3","001",4
2020-03-01,"03","1","001",576
2020-03-01,"03","2","001",292
2020-03-01,"03","3","001",79
2020-03-01,"04","1","001",339
2020-03-01,"04","2","001",36
2020-03-01,"04","3","001",15
2020-03-01,"05","1","001",385
2020-03-01,"05","2","001",123
2020-03-01,"05","3","001",29
2020-03-01,"06","1","001",340
2020-03-01,"06","2","001",1013
2020-03-01,"06","3","001",893
2020-03-01,"07","1","001",408
2020-03-01,"07","2","001",226
2020-03-01,"07","3","001",54
2020-03-01,"08","1","001",138
2020-03-01,"08","2","001",33
2020-03-01,"08","3","001",9
2020-03-01,"09","1","001",72
2020-03-01,"09","2","001",5
2020-03-01,"09","3","001",2
2020-03-01,"11","1","001",111
2020-03-01,"11","2","001",10
2020-03-01,"11","3","001",3
2020-03-01,"12","1","001",533
2020-03-01,"12","2","001",109
2020-03-01,"12","3","001",38
2020-03-01,"13","1","001",135
2020-03-01,"13","2","001",294
2020-03-01,"13","3","001",94
2020-03-01,"14","1","001",528
2020-03-01,"14","2","001",282
2020-03-01,"14","3","001",36
2020-03-01,"15","1","001",763
2020-03-01,"15","2","001",578
2020-03-01,"15","3","001",130
2020-03-01,"16","1","001",1266
2020-03-01,"16","2","001",1100
2020-03-01,"16","3","001",360
2020-03-01,"17","1","001",318
2020-03-01,"17","2","001",65
2020-03-01,"17","3","001",21
2020-04-01,"01","1","001",221
2020-04-01,"01","2","001",29
2020-04-01,"01","3","001",8
2020-04-01,"02","1","001",332
2020-04-01,"02","2","001",62
2020-04-01,"02","3","001",2
2020-04-01,"03","1","001",631
2020-04-01,"03","2","001",432
2020-04-01,"03","3","001",68
2020-04-01,"04","1","001",382
2020-04-01,"04","2","001",61
2020-04-01,"04","3","001",13
2020-04-01,"05","1","001",406
2020-04-01,"05","2","001",112
2020-04-01,"05","3","001",39
2020-04-01,"06","1","001",280
2020-04-01,"06","2","001",920
2020-04-01,"06","3","001",868
2020-04-01,"07","1","001",347
2020-04-01,"07","2","001",281
2020-04-01,"07","3","001",57
2020-04-01,"08","1","001",116
2020-04-01,"08","2","001",51
2020-04-01,"08","3","001",5
2020-04-01,"09","1","001",46
2020-04-01,"09","2","001",8
2020-04-01,"09","3","001",3
2020-04-01,"11","1","001",107
2020-04-01,"11","2","001",4
2020-04-01,"11","3","001",2
2020-04-01,"12","1","001",456
2020-04-01,"12","2","001",142
2020-04-01,"12","3","001",23
2020-04-01,"13","1","001",122
2020-04-01,"13","2","001",359
2020-04-01,"13","3","001",112
2020-04-01,"14","1","001",558
2020-04-01,"14","2","001",399
2020-04-01,"14","3","001",44
2020-04-01,"15","1","001",756
2020-04-01,"15","2","001",725
2020-04-01,"15","3","001",141
2020-04-01,"16","1","001",1263
2020-04-01,"16","2","001",1457
2020-04-01,"16","3","001",391
2020-04-01,"17","1","001",350
2020-04-01,"17","2","001",62
2020-04-01,"17","3","001",15
2020-05-01,"01","1","001",439
2020-05-01,"01","2","001",62
2020-05-01,"01","3","001",11
2020-05-01,"02","1","001",529
2020-05-01,"02","2","001",95
2020-05-01,"02","3","001",10
2020-05-01,"03","1","001",972
2020-05-01,"03","2","001",799
2020-05-01,"03","3","001",121
2020-05-01,"04","1","001",572
2020-05-01,"04","2","001",64
2020-05-01,"04","3","001",15
2020-05-01,"05","1","001",653
2020-05-01,"05","2","001",198
2020-05-01,"05","3","001",56
2020-05-01,"06","1","001",364
2020-05-01,"06","2","001",1033
2020-05-01,"06","3","001",904
2020-05-01,"07","1","001",503
2020-05-01,"07","2","001",345
2020-05-01,"07","3","001",53
2020-05-01,"08","1","001",195
2020-05-01,"08","2","001",73
2020-05-01,"08","3","001",6
2020-05-01,"09","1","001",107
2020-05-01,"09","2","001",13
2020-05-01,"09","3","001",1
2020-05-01,"11","1","001",163
2020-05-01,"11","2","001",11
2020-05-01,"12","1","001",916
2020-05-01,"12","2","001",283
2020-05-01,"12","3","001",25
2020-05-01,"13","1","001",180
2020-05-01,"13","2","001",410
2020-05-01,"13","3","001",122
2020-05-01,"14","1","001",826
2020-05-01,"14","2","001",593
2020-05-01,"14","3","001",66
2020-05-01,"15","1","001",988
2020-05-01,"15","2","001",955
2020-05-01,"15","3","001",181
2020-05-01,"16","1","001",1742
2020-05-01,"16","2","001",1834
2020-05-01,"16","3","001",473
2020-05-01,"17","1","001",523
2020-05-01,"17","2","001",87
2020-05-01,"17","3","001",29
2020-06-01,"01","1","001",713
2020-06-01,"01","2","001",62
2020-06-01,"01","3","001",8
2020-06-01,"02","1","001",912
2020-06-01,"02","2","001",118
2020-06-01,"02","3","001",12
2020-06-01,"03","1","001",1728
2020-06-01,"03","2","001",1455
2020-06-01,"03","3","001",134
2020-06-01,"04","1","001",868
2020-06-01,"04","2","001",106
2020-06-01,"04","3","001",18
2020-06-01,"05","1","001",1045
2020-06-01,"05","2","001",292
2020-06-01,"05","3","001",62
2020-06-01,"06","1","001",463
2020-06-01,"06","2","001",1520
2020-06-01,"06","3","001",1172
2020-06-01,"07","1","001",707
2020-06-01,"07","2","001",533
2020-06-01,"07","3","001",95
2020-06-01,"08","1","001",370
2020-06-01,"08","2","001",101
2020-06-01,"08","3","001",9
2020-06-01,"09","1","001",143
2020-06-01,"09","2","001",18
2020-06-01,"09","3","001",1
2020-06-01,"11","1","001",256
2020-06-01,"11","2","001",15
2020-06-01,"11","3","001",3
2020-06-01,"12","1","001",1341
2020-06-01,"12","2","001",445
2020-06-01,"12","3","001",39
2020-06-01,"13","1","001",212
2020-06-01,"13","2","001",634
2020-06-01,"13","3","001",187
2020-06-01,"14","1","001",1216
2020-06-01,"14","2","001",919
2020-06-01,"14","3","001",88
2020-06-01,"15","1","001",1560
2020-06-01,"15","2","001",1430
2020-06-01,"15","3","001",280
2020-06-01,"16","1","001",2553
2020-06-01,"16","2","001",3112
2020-06-01,"16","3","001",673
2020-06-01,"17","1","001",747
2020-06-01,"17","2","001",137
2020-06-01,"17","3","001",30
2020-07-01,"01","1","001",590
2020-07-01,"01","2","001",55
2020-07-01,"01","3","001",7
2020-07-01,"02","1","001",758
2020-07-01,"02","2","001",139
2020-07-01,"02","3","001",14
2020-07-01,"03","1","001",1059
2020-07-01,"03","2","001",756
2020-07-01,"03","3","001",114
2020-07-01,"04","1","001",739
2020-07-01,"04","2","001",123
2020-07-01,"04","3","001",21
2020-07-01,"05","1","001",802
2020-07-01,"05","2","001",286
2020-07-01,"05","3","001",85
2020-07-01,"06","1","001",412
2020-07-01,"06","2","001",1286
2020-07-01,"06","3","001",1111
2020-07-01,"07","1","001",868
2020-07-01,"07","2","001",660
2020-07-01,"07","3","001",119
2020-07-01,"08","1","001",339
2020-07-01,"08","2","001",124
2020-07-01,"08","3","001",9
2020-07-01,"09","1","001",168
2020-07-01,"09","2","001",15
2020-07-01,"09","3","001",3
2020-07-01,"11","1","001",292
2020-07-01,"11","2","001",11
2020-07-01,"12","1","001",1085
2020-07-01,"12","2","001",275
2020-07-01,"12","3","001",54
2020-07-01,"13","1","001",207
2020-07-01,"13","2","001",462
2020-07-01,"13","3","001",177
2020-07-01,"14","1","001",1088
2020-07-01,"14","2","001",624
2020-07-01,"14","3","001",94
2020-07-01,"15","1","001",1416
2020-07-01,"15","2","001",1080
2020-07-01,"15","3","001",301
2020-07-01,"16","1","001",1897
2020-07-01,"16","2","001",1965
2020-07-01,"16","3","001",622
2020-07-01,"17","1","001",588
2020-07-01,"17","2","001",117
2020-07-01,"17","3","001",34
2020-08-01,"01","1","001",437
2020-08-01,"01","2","001",62
2020-08-01,"01","3","001",5
2020-08-01,"02","1","001",585
2020-08-01,"02","2","001",103
2020-08-01,"02","3","001",11
2020-08-01,"03","1","001",790
2020-08-01,"03","2","001",543
2020-08-01,"03","3","001",120
2020-08-01,"04","1","001",547
2020-08-01,"04","2","001",73
2020-08-01,"04","3","001",20
2020-08-01,"05","1","001",613
2020-08-01,"05","2","001",204
2020-08-01,"05","3","001",57
2020-08-01,"06","1","001",330
2020-08-01,"06","2","001",1137
2020-08-01,"06","3","001",1164
2020-08-01,"07","1","001",740
2020-08-01,"07","2","001",625
2020-08-01,"07","3","001",130
2020-08-01,"08","1","001",280
2020-08-01,"08","2","001",120
2020-08-01,"08","3","001",5
2020-08-01,"09","1","001",112
2020-08-01,"09","2","001",10
2020-08-01,"09","3","001",2
2020-08-01,"11","1","001",250
2020-08-01,"11","2","001",9
2020-08-01,"11","3","001",1
2020-08-01,"12","1","001",775
2020-08-01,"12","2","001",187
2020-08-01,"12","3","001",31
2020-08-01,"13","1","001",137
2020-08-01,"13","2","001",396
2020-08-01,"13","3","001",153
2020-08-01,"14","1","001",792
2020-08-01,"14","2","001",516
2020-08-01,"14","3","001",105
2020-08-01,"15","1","001",1209
2020-08-01,"15","2","001",996
2020-08-01,"15","3","001",312
2020-08-01,"16","1","001",1512
2020-08-01,"16","2","001",1832
2020-08-01,"16","3","001",594
2020-08-01,"17","1","001",440
2020-08-01,"17","2","001",88
2020-08-01,"17","3","001",25
2020-09-01,"01","1","001",589
2020-09-01,"01","2","001",72
2020-09-01,"01","3","001",10
2020-09-01,"02","1","001",682
2020-09-01,"02","2","001",121
2020-09-01,"02","3","001",14
2020-09-01,"03","1","001",926
2020-09-01,"03","2","001",573
2020-09-01,"03","3","001",131
2020-09-01,"04","1","001",629
2020-09-01,"04","2","001",97
2020-09-01,"04","3","001",23
2020-09-01,"05","1","001",714
2020-09-01,"05","2","001",253
2020-09-01,"05","3","001",79
2020-09-01,"06","1","001",328
2020-09-01,"06","2","001",1287
2020-09-01,"06","3","001",1297
2020-09-01,"07","1","001",844
2020-09-01,"07","2","001",568
2020-09-01,"07","3","001",129
2020-09-01,"08","1","001",325
2020-09-01,"08","2","001",108
2020-09-01,"08","3","001",9
2020-09-01,"09","1","001",169
2020-09-01,"09","2","001",15
2020-09-01,"09","3","001",3
2020-09-01,"11","1","001",326
2020-09-01,"11","2","001",15
2020-09-01,"12","1","001",971
2020-09-01,"12","2","001",232
2020-09-01,"12","3","001",33
2020-09-01,"13","1","001",157
2020-09-01,"13","2","001",418
2020-09-01,"13","3","001",169
2020-09-01,"14","1","001",1037
2020-09-01,"14","2","001",555
2020-09-01,"14","3","001",124
2020-09-01,"15","1","001",1403
2020-09-01,"15","2","001",1043
2020-09-01,"15","3","001",357
2020-09-01,"16","1","001",1717
2020-09-01,"16","2","001",1864
2020-09-01,"16","3","001",702
2020-09-01,"17","1","001",496
2020-09-01,"17","2","001",97
2020-09-01,"17","3","001",25
2020-10-01,"01","1","001",583
2020-10-01,"01","2","001",80
2020-10-01,"01","3","001",16
2020-10-01,"02","1","001",659
2020-10-01,"02","2","001",121
2020-10-01,"02","3","001",15
2020-10-01,"03","1","001",1040
2020-10-01,"03","2","001",664
2020-10-01,"03","3","001",158
2020-10-01,"04","1","001",643
2020-10-01,"04","2","001",116
2020-10-01,"04","3","001",25
2020-10-01,"05","1","001",743
2020-10-01,"05","2","001",271
2020-10-01,"05","3","001",83
2020-10-01,"06","1","001",362
2020-10-01,"06","2","001",1287
2020-10-01,"06","3","001",1386
2020-10-01,"07","1","001",842
2020-10-01,"07","2","001",616
2020-10-01,"07","3","001",174
2020-10-01,"08","1","001",303
2020-10-01,"08","2","001",86
2020-10-01,"08","3","001",10
2020-10-01,"09","1","001",172
2020-10-01,"09","2","001",16
2020-10-01,"09","3","001",5
2020-10-01,"11","1","001",296
2020-10-01,"11","2","001",23
2020-10-01,"11","3","001",1
2020-10-01,"12","1","001",1034
2020-10-01,"12","2","001",260
2020-10-01,"12","3","001",40
2020-10-01,"13","1","001",174
2020-10-01,"13","2","001",469
2020-10-01,"13","3","001",212
2020-10-01,"14","1","001",1049
2020-10-01,"14","2","001",628
2020-10-01,"14","3","001",127
2020-10-01,"15","1","001",1525
2020-10-01,"15","2","001",1236
2020-10-01,"15","3","001",448
2020-10-01,"16","1","001",1862
2020-10-01,"16","2","001",2052
2020-10-01,"16","3","001",745
2020-10-01,"17","1","001",533
2020-10-01,"17","2","001",139
2020-10-01,"17","3","001",31
2020-11-01,"01","1","001",469
2020-11-01,"01","2","001",73
2020-11-01,"01","3","001",9
2020-11-01,"02","1","001",554
2020-11-01,"02","2","001",102
2020-11-01,"02","3","001",12
2020-11-01,"03","1","001",906
2020-11-01,"03","2","001",597
2020-11-01,"03","3","001",151
2020-11-01,"04","1","001",592
2020-11-01,"04","2","001",87
2020-11-01,"04","3","001",32
2020-11-01,"05","1","001",686
2020-11-01,"05","2","001",233
2020-11-01,"05","3","001",63
2020-11-01,"06","1","001",341
2020-11-01,"06","2","001",1332
2020-11-01,"06","3","001",1449
2020-11-01,"07","1","001",707
2020-11-01,"07","2","001",582
2020-11-01,"07","3","001",139
2020-11-01,"08","1","001",236
2020-11-01,"08","2","001",87
2020-11-01,"08","3","001",10
2020-11-01,"09","1","001",113
2020-11-01,"09","2","001",19
2020-11-01,"09","3","001",1
2020-11-01,"11","1","001",294
2020-11-01,"11","2","001",19
2020-11-01,"11","3","001",4
2020-11-01,"12","1","001",934
2020-11-01,"12","2","001",234
2020-11-01,"12","3","001",55
2020-11-01,"13","1","001",188
2020-11-01,"13","2","001",428
2020-11-01,"13","3","001",185
2020-11-01,"14","1","001",966
2020-11-01,"14","2","001",646
2020-11-01,"14","3","001",144
2020-11-01,"15","1","001",1432
2020-11-01,"15","2","001",1202
2020-11-01,"15","3","001",435
2020-11-01,"16","1","001",1733
2020-11-01,"16","2","001",2025
2020-11-01,"16","3","001",765
2020-11-01,"17","1","001",423
2020-11-01,"17","2","001",100
2020-11-01,"17","3","001",28
2020-12-01,"01","1","001",502
2020-12-01,"01","2","001",77
2020-12-01,"01","3","001",22
2020-12-01,"02","1","001",570
2020-12-01,"02","2","001",97
2020-12-01,"02","3","001",18
2020-12-01,"03","1","001",964
2020-12-01,"03","2","001",633
2020-12-01,"03","3","001",151
2020-12-01,"04","1","001",629
2020-12-01,"04","2","001",118
2020-12-01,"04","3","001",49
2020-12-01,"05","1","001",677
2020-12-01,"05","2","001",272
2020-12-01,"05","3","001",90
2020-12-01,"06","1","001",442
2020-12-01,"06","2","001",1326
2020-12-01,"06","3","001",1550
2020-12-01,"07","1","001",743
2020-12-01,"07","2","001",520
2020-12-01,"07","3","001",174
2020-12-01,"08","1","001",242
2020-12-01,"08","2","001",80
2020-12-01,"08","3","001",9
2020-12-01,"09","1","001",138
2020-12-01,"09","2","001",15
2020-12-01,"09","3","001",2
2020-12-01,"11","1","001",274
2020-12-01,"11","2","001",15
2020-12-01,"11","3","001",4
2020-12-01,"12","1","001",929
2020-12-01,"12","2","001",205
2020-12-01,"12","3","001",64
2020-12-01,"13","1","001",152
2020-12-01,"13","2","001",437
2020-12-01,"13","3","001",235
2020-12-01,"14","1","001",949
2020-12-01,"14","2","001",654
2020-12-01,"14","3","001",147
2020-12-01,"15","1","001",1337
2020-12-01,"15","2","001",1237
2020-12-01,"15","3","001",441
2020-12-01,"16","1","001",1727
2020-12-01,"16","2","001",1939
2020-12-01,"16","3","001",839
2020-12-01,"17","1","001",417
2020-12-01,"17","2","001",103
2020-12-01,"17","3","001",60
2021-01-01,"01","1","001",240
2021-01-01,"01","2","001",29
2021-01-01,"01","3","001",6
2021-01-01,"02","1","001",298
2021-01-01,"02","2","001",48
2021-01-01,"02","3","001",16
2021-01-01,"03","1","001",497
2021-01-01,"03","2","001",295
2021-01-01,"03","3","001",84
2021-01-01,"04","1","001",345
2021-01-01,"04","2","001",59
2021-01-01,"04","3","001",18
2021-01-01,"05","1","001",431
2021-01-01,"05","2","001",148
2021-01-01,"05","3","001",51
2021-01-01,"06","1","001",235
2021-01-01,"06","2","001",793
2021-01-01,"06","3","001",942
2021-01-01,"07","1","001",444
2021-01-01,"07","2","001",308
2021-01-01,"07","3","001",90
2021-01-01,"08","1","001",131
2021-01-01,"08","2","001",49
2021-01-01,"08","3","001",4
2021-01-01,"09","1","001",69
2021-01-01,"09","2","001",7
2021-01-01,"09","3","001",1
2021-01-01,"11","1","001",152
2021-01-01,"11","2","001",15
2021-01-01,"12","1","001",464
2021-01-01,"12","2","001",115
2021-01-01,"12","3","001",21
2021-01-01,"13","1","001",78
2021-01-01,"13","2","001",248
2021-01-01,"13","3","001",103
2021-01-01,"14","1","001",610
2021-01-01,"14","2","001",360
2021-01-01,"14","3","001",77
2021-01-01,"15","1","001",846
2021-01-01,"15","2","001",688
2021-01-01,"15","3","001",245
2021-01-01,"16","1","001",1022
2021-01-01,"16","2","001",1102
2021-01-01,"16","3","001",475
2021-01-01,"17","1","001",302
2021-01-01,"17","2","001",88
2021-01-01,"17","3","001",36
2021-02-01,"01","1","001",327
2021-02-01,"01","2","001",41
2021-02-01,"01","3","001",7
2021-02-01,"02","1","001",419
2021-02-01,"02","2","001",71
2021-02-01,"02","3","001",18
2021-02-01,"03","1","001",698
2021-02-01,"03","2","001",396
2021-02-01,"03","3","001",142
2021-02-01,"04","1","001",503
2021-02-01,"04","2","001",98
2021-02-01,"04","3","001",24
2021-02-01,"05","1","001",524
2021-02-01,"05","2","001",170
2021-02-01,"05","3","001",88
2021-02-01,"06","1","001",269
2021-02-01,"06","2","001",891
2021-02-01,"06","3","001",1037
2021-02-01,"07","1","001",572
2021-02-01,"07","2","001",324
2021-02-01,"07","3","001",99
2021-02-01,"08","1","001",190
2021-02-01,"08","2","001",45
2021-02-01,"08","3","001",11
2021-02-01,"09","1","001",95
2021-02-01,"09","2","001",15
2021-02-01,"09","3","001",3
2021-02-01,"11","1","001",215
2021-02-01,"11","2","001",12
2021-02-01,"11","3","001",1
2021-02-01,"12","1","001",652
2021-02-01,"12","2","001",147
2021-02-01,"12","3","001",47
2021-02-01,"13","1","001",111
2021-02-01,"13","2","001",286
2021-02-01,"13","3","001",186
2021-02-01,"14","1","001",845
2021-02-01,"14","2","001",423
2021-02-01,"14","3","001",130
2021-02-01,"15","1","001",1196
2021-02-01,"15","2","001",820
2021-02-01,"15","3","001",302
2021-02-01,"16","1","001",1235
2021-02-01,"16","2","001",1301
2021-02-01,"16","3","001",530
2021-02-01,"17","1","001",370
2021-02-01,"17","2","001",91
2021-02-01,"17","3","001",40
2021-03-01,"01","1","001",419
2021-03-01,"01","2","001",53
2021-03-01,"01","3","001",11
2021-03-01,"02","1","001",527
2021-03-01,"02","2","001",91
2021-03-01,"02","3","001",16
2021-03-01,"03","1","001",928
2021-03-01,"03","2","001",527
2021-03-01,"03","3","001",177
2021-03-01,"04","1","001",667
2021-03-01,"04","2","001",94
2021-03-01,"04","3","001",34
2021-03-01,"05","1","001",616
2021-03-01,"05","2","001",234
2021-03-01,"05","3","001",91
2021-03-01,"06","1","001",341
2021-03-01,"06","2","001",1229
2021-03-01,"06","3","001",1382
2021-03-01,"07","1","001",620
2021-03-01,"07","2","001",392
2021-03-01,"07","3","001",132
2021-03-01,"08","1","001",242
2021-03-01,"08","2","001",55
2021-03-01,"08","3","001",10
2021-03-01,"09","1","001",106
2021-03-01,"09","2","001",15
2021-03-01,"09","3","001",4
2021-03-01,"11","1","001",278
2021-03-01,"11","2","001",23
2021-03-01,"11","3","001",1
2021-03-01,"12","1","001",943
2021-03-01,"12","2","001",196
2021-03-01,"12","3","001",58
2021-03-01,"13","1","001",133
2021-03-01,"13","2","001",379
2021-03-01,"13","3","001",217
2021-03-01,"14","1","001",902
2021-03-01,"14","2","001",515
2021-03-01,"14","3","001",138
2021-03-01,"15","1","001",1332
2021-03-01,"15","2","001",1012
2021-03-01,"15","3","001",393
2021-03-01,"16","1","001",1525
2021-03-01,"16","2","001",1594
2021-03-01,"16","3","001",725
2021-03-01,"17","1","001",429
2021-03-01,"17","2","001",125
2021-03-01,"17","3","001",48
2021-04-01,"01","1","001",486
2021-04-01,"01","2","001",81
2021-04-01,"01","3","001",20
2021-04-01,"02","1","001",757
2021-04-01,"02","2","001",159
2021-04-01,"02","3","001",21
2021-04-01,"03","1","001",1114
2021-04-01,"03","2","001",797
2021-04-01,"03","3","001",194
2021-04-01,"04","1","001",678
2021-04-01,"04","2","001",121
2021-04-01,"04","3","001",23
2021-04-01,"05","1","001",688
2021-04-01,"05","2","001",300
2021-04-01,"05","3","001",125
2021-04-01,"06","1","001",322
2021-04-01,"06","2","001",1384
2021-04-01,"06","3","001",1441
2021-04-01,"07","1","001",703
2021-04-01,"07","2","001",521
2021-04-01,"07","3","001",157
2021-04-01,"08","1","001",262
2021-04-01,"08","2","001",107
2021-04-01,"08","3","001",19
2021-04-01,"09","1","001",141
2021-04-01,"09","2","001",27
2021-04-01,"09","3","001",3
2021-04-01,"11","1","001",268
2021-04-01,"11","2","001",25
2021-04-01,"11","3","001",6
2021-04-01,"12","1","001",979
2021-04-01,"12","2","001",280
2021-04-01,"12","3","001",68
2021-04-01,"13","1","001",111
2021-04-01,"13","2","001",368
2021-04-01,"13","3","001",234
2021-04-01,"14","1","001",986
2021-04-01,"14","2","001",707
2021-04-01,"14","3","001",185
2021-04-01,"15","1","001",1322
2021-04-01,"15","2","001",1219
2021-04-01,"15","3","001",506
2021-04-01,"16","1","001",1441
2021-04-01,"16","2","001",2064
2021-04-01,"16","3","001",941
2021-04-01,"17","1","001",538
2021-04-01,"17","2","001",191
2021-04-01,"17","3","001",46
2021-05-01,"01","1","001",566
2021-05-01,"01","2","001",122
2021-05-01,"01","3","001",16
2021-05-01,"02","1","001",811
2021-05-01,"02","2","001",190
2021-05-01,"02","3","001",19
2021-05-01,"03","1","001",1257
2021-05-01,"03","2","001",1102
2021-05-01,"03","3","001",234
2021-05-01,"04","1","001",799
2021-05-01,"04","2","001",187
2021-05-01,"04","3","001",35
2021-05-01,"05","1","001",717
2021-05-01,"05","2","001",402
2021-05-01,"05","3","001",109
2021-05-01,"06","1","001",349
2021-05-01,"06","2","001",1487
2021-05-01,"06","3","001",1662
2021-05-01,"07","1","001",741
2021-05-01,"07","2","001",570
2021-05-01,"07","3","001",189
2021-05-01,"08","1","001",352
2021-05-01,"08","2","001",141
2021-05-01,"08","3","001",21
2021-05-01,"09","1","001",158
2021-05-01,"09","2","001",32
2021-05-01,"09","3","001",3
2021-05-01,"11","1","001",315
2021-05-01,"11","2","001",19
2021-05-01,"12","1","001",1017
2021-05-01,"12","2","001",419
2021-05-01,"12","3","001",68
2021-05-01,"13","1","001",125
2021-05-01,"13","2","001",467
2021-05-01,"13","3","001",330
2021-05-01,"14","1","001",966
2021-05-01,"14","2","001",858
2021-05-01,"14","3","001",223
2021-05-01,"15","1","001",1373
2021-05-01,"15","2","001",1336
2021-05-01,"15","3","001",610
2021-05-01,"16","1","001",1436
2021-05-01,"16","2","001",2333
2021-05-01,"16","3","001",1112
2021-05-01,"17","1","001",544
2021-05-01,"17","2","001",219
2021-05-01,"17","3","001",50
2021-06-01,"01","1","001",755
2021-06-01,"01","2","001",184
2021-06-01,"01","3","001",22
2021-06-01,"02","1","001",1164
2021-06-01,"02","2","001",308
2021-06-01,"02","3","001",24
2021-06-01,"03","1","001",1781
2021-06-01,"03","2","001",2003
2021-06-01,"03","3","001",297
2021-06-01,"04","1","001",998
2021-06-01,"04","2","001",281
2021-06-01,"04","3","001",50
2021-06-01,"05","1","001",898
2021-06-01,"05","2","001",646
2021-06-01,"05","3","001",155
2021-06-01,"06","1","001",341
2021-06-01,"06","2","001",1963
2021-06-01,"06","3","001",2359
2021-06-01,"07","1","001",865
2021-06-01,"07","2","001",843
2021-06-01,"07","3","001",281
2021-06-01,"08","1","001",382
2021-06-01,"08","2","001",187
2021-06-01,"08","3","001",19
2021-06-01,"09","1","001",231
2021-06-01,"09","2","001",32
2021-06-01,"09","3","001",1
2021-06-01,"11","1","001",316
2021-06-01,"11","2","001",44
2021-06-01,"11","3","001",4
2021-06-01,"12","1","001",1559
2021-06-01,"12","2","001",704
2021-06-01,"12","3","001",83
2021-06-01,"13","1","001",150
2021-06-01,"13","2","001",685
2021-06-01,"13","3","001",382
2021-06-01,"14","1","001",1120
2021-06-01,"14","2","001",1236
2021-06-01,"14","3","001",299
2021-06-01,"15","1","001",1607
2021-06-01,"15","2","001",2040
2021-06-01,"15","3","001",828
2021-06-01,"16","1","001",1830
2021-06-01,"16","2","001",4100
2021-06-01,"16","3","001",1666
2021-06-01,"17","1","001",705
2021-06-01,"17","2","001",332
2021-06-01,"17","3","001",58
2021-07-01,"01","1","001",645
2021-07-01,"01","2","001",121
2021-07-01,"01","3","001",16
2021-07-01,"02","1","001",741
2021-07-01,"02","2","001",175
2021-07-01,"02","3","001",23
2021-07-01,"03","1","001",1046
2021-07-01,"03","2","001",983
2021-07-01,"03","3","001",242
2021-07-01,"04","1","001",663
2021-07-01,"04","2","001",190
2021-07-01,"04","3","001",34
2021-07-01,"05","1","001",630
2021-07-01,"05","2","001",360
2021-07-01,"05","3","001",101
2021-07-01,"06","1","001",301
2021-07-01,"06","2","001",1329
2021-07-01,"06","3","001",1753
2021-07-01,"07","1","001",656
2021-07-01,"07","2","001",763
2021-07-01,"07","3","001",307
2021-07-01,"08","1","001",295
2021-07-01,"08","2","001",135
2021-07-01,"08","3","001",10
2021-07-01,"09","1","001",189
2021-07-01,"09","2","001",39
2021-07-01,"09","3","001",7
2021-07-01,"11","1","001",293
2021-07-01,"11","2","001",30
2021-07-01,"11","3","001",2
2021-07-01,"12","1","001",919
2021-07-01,"12","2","001",331
2021-07-01,"12","3","001",74
2021-07-01,"13","1","001",105
2021-07-01,"13","2","001",414
2021-07-01,"13","3","001",301
2021-07-01,"14","1","001",757
2021-07-01,"14","2","001",684
2021-07-01,"14","3","001",225
2021-07-01,"15","1","001",1075
2021-07-01,"15","2","001",1172
2021-07-01,"15","3","001",543
2021-07-01,"16","1","001",1290
2021-07-01,"16","2","001",2304
2021-07-01,"16","3","001",1227
2021-07-01,"17","1","001",412
2021-07-01,"17","2","001",148
2021-07-01,"17","3","001",51
2021-08-01,"01","1","001",387
2021-08-01,"01","2","001",77
2021-08-01,"01","3","001",13
2021-08-01,"02","1","001",515
2021-08-01,"02","2","001",138
2021-08-01,"02","3","001",20
2021-08-01,"03","1","001",666
2021-08-01,"03","2","001",558
2021-08-01,"03","3","001",171
2021-08-01,"04","1","001",475
2021-08-01,"04","2","001",151
2021-08-01,"04","3","001",32
2021-08-01,"05","1","001",446
2021-08-01,"05","2","001",249
2021-08-01,"05","3","001",80
2021-08-01,"06","1","001",262
2021-08-01,"06","2","001",1059
2021-08-01,"06","3","001",1366
2021-08-01,"07","1","001",508
2021-08-01,"07","2","001",607
2021-08-01,"07","3","001",245
2021-08-01,"08","1","001",216
2021-08-01,"08","2","001",97
2021-08-01,"08","3","001",10
2021-08-01,"09","1","001",122
2021-08-01,"09","2","001",26
2021-08-01,"09","3","001",3
2021-08-01,"11","1","001",214
2021-08-01,"11","2","001",19
2021-08-01,"11","3","001",6
2021-08-01,"12","1","001",643
2021-08-01,"12","2","001",247
2021-08-01,"12","3","001",53
2021-08-01,"13","1","001",108
2021-08-01,"13","2","001",339
2021-08-01,"13","3","001",216
2021-08-01,"14","1","001",601
2021-08-01,"14","2","001",497
2021-08-01,"14","3","001",140
2021-08-01,"15","1","001",821
2021-08-01,"15","2","001",804
2021-08-01,"15","3","001",444
2021-08-01,"16","1","001",936
2021-08-01,"16","2","001",1664
2021-08-01,"16","3","001",966
2021-08-01,"17","1","001",337
2021-08-01,"17","2","001",145
2021-08-01,"17","3","001",30
2021-09-01,"01","1","001",521
2021-09-01,"01","2","001",91
2021-09-01,"01","3","001",14
2021-09-01,"02","1","001",561
2021-09-01,"02","2","001",117
2021-09-01,"02","3","001",22
2021-09-01,"03","1","001",745
2021-09-01,"03","2","001",594
2021-09-01,"03","3","001",176
2021-09-01,"04","1","001",568
2021-09-01,"04","2","001",145
2021-09-01,"04","3","001",37
2021-09-01,"05","1","001",585
2021-09-01,"05","2","001",260
2021-09-01,"05","3","001",115
2021-09-01,"06","1","001",240
2021-09-01,"06","2","001",925
2021-09-01,"06","3","001",1245
2021-09-01,"07","1","001",574
2021-09-01,"07","2","001",562
2021-09-01,"07","3","001",243
2021-09-01,"08","1","001",240
2021-09-01,"08","2","001",76
2021-09-01,"08","3","001",15
2021-09-01,"09","1","001",149
2021-09-01,"09","2","001",29
2021-09-01,"09","3","001",6
2021-09-01,"11","1","001",306
2021-09-01,"11","2","001",42
2021-09-01,"11","3","001",8
2021-09-01,"12","1","001",801
2021-09-01,"12","2","001",241
2021-09-01,"12","3","001",64
2021-09-01,"13","1","001",126
2021-09-01,"13","2","001",281
2021-09-01,"13","3","001",178
2021-09-01,"14","1","001",721
2021-09-01,"14","2","001",504
2021-09-01,"14","3","001",159
2021-09-01,"15","1","001",993
2021-09-01,"15","2","001",834
2021-09-01,"15","3","001",403
2021-09-01,"16","1","001",1028
2021-09-01,"16","2","001",1621
2021-09-01,"16","3","001",937
2021-09-01,"17","1","001",369
2021-09-01,"17","2","001",149
2021-09-01,"17","3","001",33
2021-10-01,"01","1","001",452
2021-10-01,"01","2","001",95
2021-10-01,"01","3","001",14
2021-10-01,"02","1","001",537
2021-10-01,"02","2","001",101
2021-10-01,"02","3","001",27
2021-10-01,"03","1","001",720
2021-10-01,"03","2","001",566
2021-10-01,"03","3","001",163
2021-10-01,"04","1","001",538
2021-10-01,"04","2","001",141
2021-10-01,"04","3","001",23
2021-10-01,"05","1","001",504
2021-10-01,"05","2","001",256
2021-10-01,"05","3","001",103
2021-10-01,"06","1","001",222
2021-10-01,"06","2","001",977
2021-10-01,"06","3","001",1221
2021-10-01,"07","1","001",522
2021-10-01,"07","2","001",522
2021-10-01,"07","3","001",221
2021-10-01,"08","1","001",248
2021-10-01,"08","2","001",84
2021-10-01,"08","3","001",13
2021-10-01,"09","1","001",138
2021-10-01,"09","2","001",22
2021-10-01,"09","3","001",2
2021-10-01,"11","1","001",284
2021-10-01,"11","2","001",29
2021-10-01,"11","3","001",4
2021-10-01,"12","1","001",768
2021-10-01,"12","2","001",218
2021-10-01,"12","3","001",65
2021-10-01,"13","1","001",106
2021-10-01,"13","2","001",267
2021-10-01,"13","3","001",211
2021-10-01,"14","1","001",677
2021-10-01,"14","2","001",524
2021-10-01,"14","3","001",174
2021-10-01,"15","1","001",897
2021-10-01,"15","2","001",790
2021-10-01,"15","3","001",435
2021-10-01,"16","1","001",969
2021-10-01,"16","2","001",1664
2021-10-01,"16","3","001",784
2021-10-01,"17","1","001",348
2021-10-01,"17","2","001",143
2021-10-01,"17","3","001",40
2021-11-01,"01","1","001",443
2021-11-01,"01","2","001",83
2021-11-01,"01","3","001",18
2021-11-01,"02","1","001",567
2021-11-01,"02","2","001",110
2021-11-01,"02","3","001",16
2021-11-01,"03","1","001",713
2021-11-01,"03","2","001",559
2021-11-01,"03","3","001",176
2021-11-01,"04","1","001",533
2021-11-01,"04","2","001",137
2021-11-01,"04","3","001",19
2021-11-01,"05","1","001",510
2021-11-01,"05","2","001",265
2021-11-01,"05","3","001",94
2021-11-01,"06","1","001",240
2021-11-01,"06","2","001",1015
2021-11-01,"06","3","001",1399
2021-11-01,"07","1","001",518
2021-11-01,"07","2","001",519
2021-11-01,"07","3","001",219
2021-11-01,"08","1","001",248
2021-11-01,"08","2","001",96
2021-11-01,"08","3","001",15
2021-11-01,"09","1","001",137
2021-11-01,"09","2","001",28
2021-11-01,"09","3","001",5
2021-11-01,"11","1","001",253
2021-11-01,"11","2","001",30
2021-11-01,"11","3","001",5
2021-11-01,"12","1","001",807
2021-11-01,"12","2","001",213
2021-11-01,"12","3","001",73
2021-11-01,"13","1","001",92
2021-11-01,"13","2","001",317
2021-11-01,"13","3","001",251
2021-11-01,"14","1","001",678
2021-11-01,"14","2","001",535
2021-11-01,"14","3","001",195
2021-11-01,"15","1","001",893
2021-11-01,"15","2","001",867
2021-11-01,"15","3","001",557
2021-11-01,"16","1","001",998
2021-11-01,"16","2","001",1741
2021-11-01,"16","3","001",971
2021-11-01,"17","1","001",369
2021-11-01,"17","2","001",167
2021-11-01,"17","3","001",39
2021-12-01,"01","1","001",416
2021-12-01,"01","2","001",102
2021-12-01,"01","3","001",21
2021-12-01,"02","1","001",502
2021-12-01,"02","2","001",150
2021-12-01,"02","3","001",19
2021-12-01,"03","1","001",751
2021-12-01,"03","2","001",650
2021-12-01,"03","3","001",209
2021-12-01,"04","1","001",548
2021-12-01,"04","2","001",151
2021-12-01,"04","3","001",39
2021-12-01,"05","1","001",499
2021-12-01,"05","2","001",285
2021-12-01,"05","3","001",106
2021-12-01,"06","1","001",247
2021-12-01,"06","2","001",1132
2021-12-01,"06","3","001",1521
2021-12-01,"07","1","001",465
2021-12-01,"07","2","001",496
2021-12-01,"07","3","001",221
2021-12-01,"08","1","001",254
2021-12-01,"08","2","001",85
2021-12-01,"08","3","001",14
2021-12-01,"09","1","001",162
2021-12-01,"09","2","001",29
2021-12-01,"09","3","001",5
2021-12-01,"11","1","001",247
2021-12-01,"11","2","001",26
2021-12-01,"11","3","001",6
2021-12-01,"12","1","001",767
2021-12-01,"12","2","001",234
2021-12-01,"12","3","001",58
2021-12-01,"13","1","001",80
2021-12-01,"13","2","001",280
2021-12-01,"13","3","001",242
2021-12-01,"14","1","001",586
2021-12-01,"14","2","001",574
2021-12-01,"14","3","001",202
2021-12-01,"15","1","001",884
2021-12-01,"15","2","001",841
2021-12-01,"15","3","001",519
2021-12-01,"16","1","001",912
2021-12-01,"16","2","001",1551
2021-12-01,"16","3","001",970
2021-12-01,"17","1","001",325
2021-12-01,"17","2","001",152
2021-12-01,"17","3","001",55
2022-01-01,"01","1","001",224
2022-01-01,"01","2","001",34
2022-01-01,"01","3","001",10
2022-01-01,"02","1","001",297
2022-01-01,"02","2","001",71
2022-01-01,"02","3","001",13
2022-01-01,"03","1","001",488
2022-01-01,"03","2","001",316
2022-01-01,"03","3","001",99
2022-01-01,"04","1","001",308
2022-01-01,"04","2","001",88
2022-01-01,"04","3","001",15
2022-01-01,"05","1","001",280
2022-01-01,"05","2","001",158
2022-01-01,"05","3","001",70
2022-01-01,"06","1","001",137
2022-01-01,"06","2","001",732
2022-01-01,"06","3","001",1041
2022-01-01,"07","1","001",298
2022-01-01,"07","2","001",273
2022-01-01,"07","3","001",159
2022-01-01,"08","1","001",132
2022-01-01,"08","2","001",44
2022-01-01,"08","3","001",7
2022-01-01,"09","1","001",79
2022-01-01,"09","2","001",13
2022-01-01,"09","3","001",3
2022-01-01,"11","1","001",164
2022-01-01,"11","2","001",12
2022-01-01,"11","3","001",4
2022-01-01,"12","1","001",429
2022-01-01,"12","2","001",102
2022-01-01,"12","3","001",34
2022-01-01,"13","1","001",59
2022-01-01,"13","2","001",169
2022-01-01,"13","3","001",147
2022-01-01,"14","1","001",385
2022-01-01,"14","2","001",300
2022-01-01,"14","3","001",116
2022-01-01,"15","1","001",536
2022-01-01,"15","2","001",518
2022-01-01,"15","3","001",326
2022-01-01,"16","1","001",578
2022-01-01,"16","2","001",959
2022-01-01,"16","3","001",619
2022-01-01,"17","1","001",219
2022-01-01,"17","2","001",78
2022-01-01,"17","3","001",31
2022-02-01,"01","1","001",310
2022-02-01,"01","2","001",40
2022-02-01,"01","3","001",19
2022-02-01,"02","1","001",405
2022-02-01,"02","2","001",74
2022-02-01,"02","3","001",15
2022-02-01,"03","1","001",562
2022-02-01,"03","2","001",383
2022-02-01,"03","3","001",145
2022-02-01,"04","1","001",414
2022-02-01,"04","2","001",90
2022-02-01,"04","3","001",38
2022-02-01,"05","1","001",371
2022-02-01,"05","2","001",202
2022-02-01,"05","3","001",82
2022-02-01,"06","1","001",244
2022-02-01,"06","2","001",874
2022-02-01,"06","3","001",1043
2022-02-01,"07","1","001",431
2022-02-01,"07","2","001",304
2022-02-01,"07","3","001",157
2022-02-01,"08","1","001",173
2022-02-01,"08","2","001",50
2022-02-01,"08","3","001",19
2022-02-01,"09","1","001",100
2022-02-01,"09","2","001",9
2022-02-01,"09","3","001",5
2022-02-01,"11","1","001",178
2022-02-01,"11","2","001",17
2022-02-01,"11","3","001",3
2022-02-01,"12","1","001",567
2022-02-01,"12","2","001",155
2022-02-01,"12","3","001",56
2022-02-01,"13","1","001",76
2022-02-01,"13","2","001",189
2022-02-01,"13","3","001",191
2022-02-01,"14","1","001",524
2022-02-01,"14","2","001",352
2022-02-01,"14","3","001",174
2022-02-01,"15","1","001",683
2022-02-01,"15","2","001",549
2022-02-01,"15","3","001",350
2022-02-01,"16","1","001",714
2022-02-01,"16","2","001",1125
2022-02-01,"16","3","001",726
2022-02-01,"17","1","001",284
2022-02-01,"17","2","001",127
2022-02-01,"17","3","001",60
2022-03-01,"01","1","001",355
2022-03-01,"01","2","001",55
2022-03-01,"01","3","001",20
2022-03-01,"02","1","001",421
2022-03-01,"02","2","001",94
2022-03-01,"02","3","001",21
2022-03-01,"03","1","001",659
2022-03-01,"03","2","001",464
2022-03-01,"03","3","001",222
2022-03-01,"04","1","001",425
2022-03-01,"04","2","001",137
2022-03-01,"04","3","001",34
2022-03-01,"05","1","001",364
2022-03-01,"05","2","001",226
2022-03-01,"05","3","001",87
2022-03-01,"06","1","001",235
2022-03-01,"06","2","001",1038
2022-03-01,"06","3","001",1397
2022-03-01,"07","1","001",396
2022-03-01,"07","2","001",339
2022-03-01,"07","3","001",175
2022-03-01,"08","1","001",207
2022-03-01,"08","2","001",67
2022-03-01,"08","3","001",13
2022-03-01,"09","1","001",86
2022-03-01,"09","2","001",22
2022-03-01,"09","3","001",5
2022-03-01,"11","1","001",211
2022-03-01,"11","2","001",30
2022-03-01,"11","3","001",4
2022-03-01,"12","1","001",633
2022-03-01,"12","2","001",185
2022-03-01,"12","3","001",79
2022-03-01,"13","1","001",84
2022-03-01,"13","2","001",257
2022-03-01,"13","3","001",256
2022-03-01,"14","1","001",559
2022-03-01,"14","2","001",480
2022-03-01,"14","3","001",192
2022-03-01,"15","1","001",768
2022-03-01,"15","2","001",670
2022-03-01,"15","3","001",485
2022-03-01,"16","1","001",780
2022-03-01,"16","2","001",1357
2022-03-01,"16","3","001",943
2022-03-01,"17","1","001",305
2022-03-01,"17","2","001",156
2022-03-01,"17","3","001",44
2022-04-01,"01","1","001",332
2022-04-01,"01","2","001",90
2022-04-01,"01","3","001",32
2022-04-01,"02","1","001",509
2022-04-01,"02","2","001",145
2022-04-01,"02","3","001",24
2022-04-01,"03","1","001",665
2022-04-01,"03","2","001",635
2022-04-01,"03","3","001",187
2022-04-01,"04","1","001",448
2022-04-01,"04","2","001",143
2022-04-01,"04","3","001",26
2022-04-01,"05","1","001",421
2022-04-01,"05","2","001",275
2022-04-01,"05","3","001",108
2022-04-01,"06","1","001",236
2022-04-01,"06","2","001",1074
2022-04-01,"06","3","001",1433
2022-04-01,"07","1","001",419
2022-04-01,"07","2","001",380
2022-04-01,"07","3","001",221
2022-04-01,"08","1","001",188
2022-04-01,"08","2","001",77
2022-04-01,"08","3","001",23
2022-04-01,"09","1","001",103
2022-04-01,"09","2","001",31
2022-04-01,"09","3","001",4
2022-04-01,"11","1","001",190
2022-04-01,"11","2","001",36
2022-04-01,"11","3","001",7
2022-04-01,"12","1","001",672
2022-04-01,"12","2","001",256
2022-04-01,"12","3","001",63
2022-04-01,"13","1","001",83
2022-04-01,"13","2","001",270
2022-04-01,"13","3","001",272
2022-04-01,"14","1","001",550
2022-04-01,"14","2","001",496
2022-04-01,"14","3","001",225
2022-04-01,"15","1","001",720
2022-04-01,"15","2","001",782
2022-04-01,"15","3","001",557
2022-04-01,"16","1","001",824
2022-04-01,"16","2","001",1429
2022-04-01,"16","3","001",1079
2022-04-01,"17","1","001",326
2022-04-01,"17","2","001",200
2022-04-01,"17","3","001",51
2022-05-01,"01","1","001",432
2022-05-01,"01","2","001",134
2022-05-01,"01","3","001",29
2022-05-01,"02","1","001",576
2022-05-01,"02","2","001",198
2022-05-01,"02","3","001",25
2022-05-01,"03","1","001",803
2022-05-01,"03","2","001",885
2022-05-01,"03","3","001",258
2022-05-01,"04","1","001",502
2022-05-01,"04","2","001",204
2022-05-01,"04","3","001",51
2022-05-01,"05","1","001",470
2022-05-01,"05","2","001",360
2022-05-01,"05","3","001",143
2022-05-01,"06","1","001",223
2022-05-01,"06","2","001",1347
2022-05-01,"06","3","001",1801
2022-05-01,"07","1","001",435
2022-05-01,"07","2","001",430
2022-05-01,"07","3","001",270
2022-05-01,"08","1","001",240
2022-05-01,"08","2","001",122
2022-05-01,"08","3","001",18
2022-05-01,"09","1","001",148
2022-05-01,"09","2","001",31
2022-05-01,"09","3","001",3
2022-05-01,"11","1","001",241
2022-05-01,"11","2","001",37
2022-05-01,"11","3","001",8
2022-05-01,"12","1","001",793
2022-05-01,"12","2","001",344
2022-05-01,"12","3","001",80
2022-05-01,"13","1","001",70
2022-05-01,"13","2","001",278
2022-05-01,"13","3","001",333
2022-05-01,"14","1","001",553
2022-05-01,"14","2","001",670
2022-05-01,"14","3","001",286
2022-05-01,"15","1","001",794
2022-05-01,"15","2","001",925
2022-05-01,"15","3","001",724
2022-05-01,"16","1","001",810
2022-05-01,"16","2","001",1725
2022-05-01,"16","3","001",1345
2022-05-01,"17","1","001",349
2022-05-01,"17","2","001",251
2022-05-01,"17","3","001",61
2022-06-01,"01","1","001",536
2022-06-01,"01","2","001",212
2022-06-01,"01","3","001",33
2022-06-01,"02","1","001",879
2022-06-01,"02","2","001",332
2022-06-01,"02","3","001",41
2022-06-01,"03","1","001",1171
2022-06-01,"03","2","001",1730
2022-06-01,"03","3","001",398
2022-06-01,"04","1","001",672
2022-06-01,"04","2","001",409
2022-06-01,"04","3","001",74
2022-06-01,"05","1","001",520
2022-06-01,"05","2","001",595
2022-06-01,"05","3","001",211
2022-06-01,"06","1","001",180
2022-06-01,"06","2","001",1498
2022-06-01,"06","3","001",2134
2022-06-01,"07","1","001",515
2022-06-01,"07","2","001",652
2022-06-01,"07","3","001",388
2022-06-01,"08","1","001",307
2022-06-01,"08","2","001",207
2022-06-01,"08","3","001",28
2022-06-01,"09","1","001",169
2022-06-01,"09","2","001",50
2022-06-01,"09","3","001",14
2022-06-01,"11","1","001",250
2022-06-01,"11","2","001",56
2022-06-01,"11","3","001",7
2022-06-01,"12","1","001",1084
2022-06-01,"12","2","001",735
2022-06-01,"12","3","001",121
2022-06-01,"13","1","001",72
2022-06-01,"13","2","001",417
2022-06-01,"13","3","001",489
2022-06-01,"14","1","001",566
2022-06-01,"14","2","001",942
2022-06-01,"14","3","001",444
2022-06-01,"15","1","001",831
2022-06-01,"15","2","001",1283
2022-06-01,"15","3","001",955
2022-06-01,"16","1","001",882
2022-06-01,"16","2","001",2915
2022-06-01,"16","3","001",2091
2022-06-01,"17","1","001",445
2022-06-01,"17","2","001",382
2022-06-01,"17","3","001",69
2022-07-01,"01","1","001",448
2022-07-01,"01","2","001",147
2022-07-01,"01","3","001",22
2022-07-01,"02","1","001",591
2022-07-01,"02","2","001",190
2022-07-01,"02","3","001",39
2022-07-01,"03","1","001",768
2022-07-01,"03","2","001",1003
2022-07-01,"03","3","001",262
2022-07-01,"04","1","001",393
2022-07-01,"04","2","001",241
2022-07-01,"04","3","001",61
2022-07-01,"05","1","001",386
2022-07-01,"05","2","001",316
2022-07-01,"05","3","001",136
2022-07-01,"06","1","001",161
2022-07-01,"06","2","001",959
2022-07-01,"06","3","001",1505
2022-07-01,"07","1","001",434
2022-07-01,"07","2","001",542
2022-07-01,"07","3","001",345
2022-07-01,"08","1","001",229
2022-07-01,"08","2","001",141
2022-07-01,"08","3","001",23
2022-07-01,"09","1","001",139
2022-07-01,"09","2","001",30
2022-07-01,"09","3","001",9
2022-07-01,"11","1","001",240
2022-07-01,"11","2","001",48
2022-07-01,"11","3","001",10
2022-07-01,"12","1","001",807
2022-07-01,"12","2","001",409
2022-07-01,"12","3","001",96
2022-07-01,"13","1","001",66
2022-07-01,"13","2","001",261
2022-07-01,"13","3","001",321
2022-07-01,"14","1","001",553
2022-07-01,"14","2","001",611
2022-07-01,"14","3","001",289
2022-07-01,"15","1","001",654
2022-07-01,"15","2","001",799
2022-07-01,"15","3","001",677
2022-07-01,"16","1","001",753
2022-07-01,"16","2","001",1673
2022-07-01,"16","3","001",1354
2022-07-01,"17","1","001",305
2022-07-01,"17","2","001",237
2022-07-01,"17","3","001",71
2022-08-01,"01","1","001",259
2022-08-01,"01","2","001",72
2022-08-01,"01","3","001",5
2022-08-01,"02","1","001",375
2022-08-01,"02","2","001",152
2022-08-01,"02","3","001",20
2022-08-01,"03","1","001",493
2022-08-01,"03","2","001",554
2022-08-01,"03","3","001",168
2022-08-01,"04","1","001",313
2022-08-01,"04","2","001",159
2022-08-01,"04","3","001",29
2022-08-01,"05","1","001",277
2022-08-01,"05","2","001",247
2022-08-01,"05","3","001",101
2022-08-01,"06","1","001",141
2022-08-01,"06","2","001",641
2022-08-01,"06","3","001",1025
2022-08-01,"07","1","001",359
2022-08-01,"07","2","001",447
2022-08-01,"07","3","001",262
2022-08-01,"08","1","001",192
2022-08-01,"08","2","001",119
2022-08-01,"08","3","001",29
2022-08-01,"09","1","001",114
2022-08-01,"09","2","001",27
2022-08-01,"09","3","001",3
2022-08-01,"11","1","001",186
2022-08-01,"11","2","001",41
2022-08-01,"11","3","001",3
2022-08-01,"12","1","001",538
2022-08-01,"12","2","001",238
2022-08-01,"12","3","001",58
2022-08-01,"13","1","001",39
2022-08-01,"13","2","001",177
2022-08-01,"13","3","001",222
2022-08-01,"14","1","001",323
2022-08-01,"14","2","001",423
2022-08-01,"14","3","001",192
2022-08-01,"15","1","001",452
2022-08-01,"15","2","001",619
2022-08-01,"15","3","001",485
2022-08-01,"16","1","001",510
2022-08-01,"16","2","001",1204
2022-08-01,"16","3","001",989
2022-08-01,"17","1","001",205
2022-08-01,"17","2","001",156
2022-08-01,"17","3","001",35
2022-09-01,"01","1","001",413
2022-09-01,"01","2","001",92
2022-09-01,"01","3","001",21
2022-09-01,"02","1","001",491
2022-09-01,"02","2","001",170
2022-09-01,"02","3","001",19
2022-09-01,"03","1","001",573
2022-09-01,"03","2","001",615
2022-09-01,"03","3","001",148
2022-09-01,"04","1","001",415
2022-09-01,"04","2","001",169
2022-09-01,"04","3","001",42
2022-09-01,"05","1","001",388
2022-09-01,"05","2","001",282
2022-09-01,"05","3","001",105
2022-09-01,"06","1","001",155
2022-09-01,"06","2","001",677
2022-09-01,"06","3","001",865
2022-09-01,"07","1","001",352
2022-09-01,"07","2","001",452
2022-09-01,"07","3","001",220
2022-09-01,"08","1","001",182
2022-09-01,"08","2","001",105
2022-09-01,"08","3","001",18
2022-09-01,"09","1","001",140
2022-09-01,"09","2","001",35
2022-09-01,"09","3","001",7
2022-09-01,"11","1","001",216
2022-09-01,"11","2","001",50
2022-09-01,"11","3","001",6
2022-09-01,"12","1","001",665
2022-09-01,"12","2","001",238
2022-09-01,"12","3","001",78
2022-09-01,"13","1","001",58
2022-09-01,"13","2","001",183
2022-09-01,"13","3","001",201
2022-09-01,"14","1","001",537
2022-09-01,"14","2","001",406
2022-09-01,"14","3","001",185
2022-09-01,"15","1","001",593
2022-09-01,"15","2","001",648
2022-09-01,"15","3","001",511
2022-09-01,"16","1","001",665
2022-09-01,"16","2","001",1235
2022-09-01,"16","3","001",870
2022-09-01,"17","1","001",316
2022-09-01,"17","2","001",154
2022-09-01,"17","3","001",39
2022-10-01,"01","1","001",352
2022-10-01,"01","2","001",91
2022-10-01,"01","3","001",16
2022-10-01,"02","1","001",428
2022-10-01,"02","2","001",122
2022-10-01,"02","3","001",21
2022-10-01,"03","1","001",533
2022-10-01,"03","2","001",476
2022-10-01,"03","3","001",159
2022-10-01,"04","1","001",351
2022-10-01,"04","2","001",172
2022-10-01,"04","3","001",36
2022-10-01,"05","1","001",326
2022-10-01,"05","2","001",191
2022-10-01,"05","3","001",87
2022-10-01,"06","1","001",141
2022-10-01,"06","2","001",597
2022-10-01,"06","3","001",791
2022-10-01,"07","1","001",327
2022-10-01,"07","2","001",310
2022-10-01,"07","3","001",195
2022-10-01,"08","1","001",186
2022-10-01,"08","2","001",83
2022-10-01,"08","3","001",10
2022-10-01,"09","1","001",112
2022-10-01,"09","2","001",32
2022-10-01,"09","3","001",4
2022-10-01,"11","1","001",208
2022-10-01,"11","2","001",27
2022-10-01,"11","3","001",9
2022-10-01,"12","1","001",604
2022-10-01,"12","2","001",236
2022-10-01,"12","3","001",58
2022-10-01,"13","1","001",62
2022-10-01,"13","2","001",161
2022-10-01,"13","3","001",174
2022-10-01,"14","1","001",457
2022-10-01,"14","2","001",456
2022-10-01,"14","3","001",192
2022-10-01,"15","1","001",515
2022-10-01,"15","2","001",606
2022-10-01,"15","3","001",412
2022-10-01,"16","1","001",561
2022-10-01,"16","2","001",1025
2022-10-01,"16","3","001",680
2022-10-01,"17","1","001",229
2022-10-01,"17","2","001",130
2022-10-01,"17","3","001",33
2022-11-01,"01","1","001",350
2022-11-01,"01","2","001",83
2022-11-01,"01","3","001",17
2022-11-01,"02","1","001",433
2022-11-01,"02","2","001",110
2022-11-01,"02","3","001",24
2022-11-01,"03","1","001",517
2022-11-01,"03","2","001",531
2022-11-01,"03","3","001",141
2022-11-01,"04","1","001",403
2022-11-01,"04","2","001",159
2022-11-01,"04","3","001",44
2022-11-01,"05","1","001",289
2022-11-01,"05","2","001",215
2022-11-01,"05","3","001",95
2022-11-01,"06","1","001",144
2022-11-01,"06","2","001",632
2022-11-01,"06","3","001",793
2022-11-01,"07","1","001",307
2022-11-01,"07","2","001",305
2022-11-01,"07","3","001",174
2022-11-01,"08","1","001",177
2022-11-01,"08","2","001",64
2022-11-01,"08","3","001",12
2022-11-01,"09","1","001",155
2022-11-01,"09","2","001",29
2022-11-01,"09","3","001",2
2022-11-01,"11","1","001",221
2022-11-01,"11","2","001",36
2022-11-01,"11","3","001",1
2022-11-01,"12","1","001",618
2022-11-01,"12","2","001",181
2022-11-01,"12","3","001",54
2022-11-01,"13","1","001",64
2022-11-01,"13","2","001",199
2022-11-01,"13","3","001",221
2022-11-01,"14","1","001",427
2022-11-01,"14","2","001",422
2022-11-01,"14","3","001",175
2022-11-01,"15","1","001",574
2022-11-01,"15","2","001",582
2022-11-01,"15","3","001",377
2022-11-01,"16","1","001",554
2022-11-01,"16","2","001",1058
2022-11-01,"16","3","001",713
2022-11-01,"17","1","001",230
2022-11-01,"17","2","001",140
2022-11-01,"17","3","001",41
2022-12-01,"01","1","001",351
2022-12-01,"01","2","001",70
2022-12-01,"01","3","001",17
2022-12-01,"02","1","001",405
2022-12-01,"02","2","001",114
2022-12-01,"02","3","001",31
2022-12-01,"03","1","001",547
2022-12-01,"03","2","001",544
2022-12-01,"03","3","001",175
2022-12-01,"04","1","001",361
2022-12-01,"04","2","001",144
2022-12-01,"04","3","001",39
2022-12-01,"05","1","001",315
2022-12-01,"05","2","001",220
2022-12-01,"05","3","001",84
2022-12-01,"06","1","001",195
2022-12-01,"06","2","001",749
2022-12-01,"06","3","001",923
2022-12-01,"07","1","001",296
2022-12-01,"07","2","001",328
2022-12-01,"07","3","001",158
2022-12-01,"08","1","001",192
2022-12-01,"08","2","001",76
2022-12-01,"08","3","001",16
2022-12-01,"09","1","001",130
2022-12-01,"09","2","001",17
2022-12-01,"09","3","001",7
2022-12-01,"11","1","001",198
2022-12-01,"11","2","001",31
2022-12-01,"11","3","001",4
2022-12-01,"12","1","001",603
2022-12-01,"12","2","001",214
2022-12-01,"12","3","001",69
2022-12-01,"13","1","001",62
2022-12-01,"13","2","001",205
2022-12-01,"13","3","001",162
2022-12-01,"14","1","001",420
2022-12-01,"14","2","001",412
2022-12-01,"14","3","001",200
2022-12-01,"15","1","001",566
2022-12-01,"15","2","001",555
2022-12-01,"15","3","001",381
2022-12-01,"16","1","001",541
2022-12-01,"16","2","001",1133
2022-12-01,"16","3","001",715
2022-12-01,"17","1","001",251
2022-12-01,"17","2","001",123
2022-12-01,"17","3","001",46
2023-01-01,"01","1","001",166
2023-01-01,"01","2","001",40
2023-01-01,"01","3","001",6
2023-01-01,"02","1","001",231
2023-01-01,"02","2","001",45
2023-01-01,"02","3","001",13
2023-01-01,"03","1","001",277
2023-01-01,"03","2","001",246
2023-01-01,"03","3","001",76
2023-01-01,"04","1","001",198
2023-01-01,"04","2","001",79
2023-01-01,"04","3","001",16
2023-01-01,"05","1","001",169
2023-01-01,"05","2","001",125
2023-01-01,"05","3","001",57
2023-01-01,"06","1","001",104
2023-01-01,"06","2","001",398
2023-01-01,"06","3","001",502
2023-01-01,"07","1","001",163
2023-01-01,"07","2","001",175
2023-01-01,"07","3","001",81
2023-01-01,"08","1","001",113
2023-01-01,"08","2","001",50
2023-01-01,"08","3","001",13
2023-01-01,"09","1","001",51
2023-01-01,"09","2","001",11
2023-01-01,"09","3","001",1
2023-01-01,"11","1","001",91
2023-01-01,"11","2","001",11
2023-01-01,"11","3","001",1
2023-01-01,"12","1","001",310
2023-01-01,"12","2","001",96
2023-01-01,"12","3","001",40
2023-01-01,"13","1","001",30
2023-01-01,"13","2","001",105
2023-01-01,"13","3","001",111
2023-01-01,"14","1","001",221
2023-01-01,"14","2","001",202
2023-01-01,"14","3","001",86
2023-01-01,"15","1","001",288
2023-01-01,"15","2","001",346
2023-01-01,"15","3","001",208
2023-01-01,"16","1","001",357
2023-01-01,"16","2","001",610
2023-01-01,"16","3","001",401
2023-01-01,"17","1","001",123
2023-01-01,"17","2","001",65
2023-01-01,"17","3","001",20
2023-02-01,"01","1","001",205
2023-02-01,"01","2","001",50
2023-02-01,"01","3","001",13
2023-02-01,"02","1","001",249
2023-02-01,"02","2","001",60
2023-02-01,"02","3","001",16
2023-02-01,"03","1","001",335
2023-02-01,"03","2","001",241
2023-02-01,"03","3","001",83
2023-02-01,"04","1","001",243
2023-02-01,"04","2","001",94
2023-02-01,"04","3","001",21
2023-02-01,"05","1","001",233
2023-02-01,"05","2","001",125
2023-02-01,"05","3","001",53
2023-02-01,"06","1","001",149
2023-02-01,"06","2","001",553
2023-02-01,"06","3","001",642
2023-02-01,"07","1","001",219
2023-02-01,"07","2","001",196
2023-02-01,"07","3","001",98
2023-02-01,"08","1","001",107
2023-02-01,"08","2","001",34
2023-02-01,"08","3","001",4
2023-02-01,"09","1","001",66
2023-02-01,"09","2","001",14
2023-02-01,"09","3","001",4
2023-02-01,"11","1","001",116
2023-02-01,"11","2","001",7
2023-02-01,"11","3","001",3
2023-02-01,"12","1","001",374
2023-02-01,"12","2","001",84
2023-02-01,"12","3","001",37
2023-02-01,"13","1","001",43
2023-02-01,"13","2","001",121
2023-02-01,"13","3","001",93
2023-02-01,"14","1","001",306
2023-02-01,"14","2","001",263
2023-02-01,"14","3","001",84
2023-02-01,"15","1","001",347
2023-02-01,"15","2","001",289
2023-02-01,"15","3","001",171
2023-02-01,"16","1","001",409
2023-02-01,"16","2","001",630
2023-02-01,"16","3","001",379
2023-02-01,"17","1","001",174
2023-02-01,"17","2","001",72
2023-02-01,"17","3","001",32
2023-03-01,"01","1","001",266
2023-03-01,"01","2","001",42
2023-03-01,"01","3","001",12
2023-03-01,"02","1","001",340
2023-03-01,"02","2","001",100
2023-03-01,"02","3","001",20
2023-03-01,"03","1","001",432
2023-03-01,"03","2","001",342
2023-03-01,"03","3","001",113
2023-03-01,"04","1","001",339
2023-03-01,"04","2","001",128
2023-03-01,"04","3","001",26
2023-03-01,"05","1","001",273
2023-03-01,"05","2","001",202
2023-03-01,"05","3","001",70
2023-03-01,"06","1","001",161
2023-03-01,"06","2","001",639
2023-03-01,"06","3","001",765
2023-03-01,"07","1","001",239
2023-03-01,"07","2","001",216
2023-03-01,"07","3","001",96
2023-03-01,"08","1","001",107
2023-03-01,"08","2","001",55
2023-03-01,"08","3","001",8
2023-03-01,"09","1","001",79
2023-03-01,"09","2","001",12
2023-03-01,"09","3","001",2
2023-03-01,"11","1","001",163
2023-03-01,"11","2","001",25
2023-03-01,"11","3","001",5
2023-03-01,"12","1","001",495
2023-03-01,"12","2","001",137
2023-03-01,"12","3","001",47
2023-03-01,"13","1","001",53
2023-03-01,"13","2","001",172
2023-03-01,"13","3","001",135
2023-03-01,"14","1","001",362
2023-03-01,"14","2","001",335
2023-03-01,"14","3","001",124
2023-03-01,"15","1","001",429
2023-03-01,"15","2","001",440
2023-03-01,"15","3","001",279
2023-03-01,"16","1","001",526
2023-03-01,"16","2","001",885
2023-03-01,"16","3","001",605
2023-03-01,"17","1","001",225
2023-03-01,"17","2","001",111
2023-03-01,"17","3","001",39
2023-04-01,"01","1","001",230
2023-04-01,"01","2","001",63
2023-04-01,"01","3","001",14
2023-04-01,"02","1","001",306
2023-04-01,"02","2","001",93
2023-04-01,"02","3","001",22
2023-04-01,"03","1","001",416
2023-04-01,"03","2","001",318
2023-04-01,"03","3","001",134
2023-04-01,"04","1","001",237
2023-04-01,"04","2","001",113
2023-04-01,"04","3","001",34
2023-04-01,"05","1","001",234
2023-04-01,"05","2","001",175
2023-04-01,"05","3","001",63
2023-04-01,"06","1","001",109
2023-04-01,"06","2","001",623
2023-04-01,"06","3","001",701
2023-04-01,"07","1","001",189
2023-04-01,"07","2","001",221
2023-04-01,"07","3","001",113
2023-04-01,"08","1","001",131
2023-04-01,"08","2","001",58
2023-04-01,"08","3","001",11
2023-04-01,"09","1","001",84
2023-04-01,"09","2","001",14
2023-04-01,"09","3","001",2
2023-04-01,"11","1","001",115
2023-04-01,"11","2","001",16
2023-04-01,"11","3","001",2
2023-04-01,"12","1","001",426
2023-04-01,"12","2","001",161
2023-04-01,"12","3","001",54
2023-04-01,"13","1","001",59
2023-04-01,"13","2","001",181
2023-04-01,"13","3","001",134
2023-04-01,"14","1","001",288
2023-04-01,"14","2","001",334
2023-04-01,"14","3","001",158
2023-04-01,"15","1","001",372
2023-04-01,"15","2","001",461
2023-04-01,"15","3","001",331
2023-04-01,"16","1","001",392
2023-04-01,"16","2","001",883
2023-04-01,"16","3","001",567
2023-04-01,"17","1","001",198
2023-04-01,"17","2","001",105
2023-04-01,"17","3","001",26
2023-05-01,"01","1","001",343
2023-05-01,"01","2","001",105
2023-05-01,"01","3","001",17
2023-05-01,"02","1","001",478
2023-05-01,"02","2","001",153
2023-05-01,"02","3","001",19
2023-05-01,"03","1","001",603
2023-05-01,"03","2","001",702
2023-05-01,"03","3","001",231
2023-05-01,"04","1","001",366
2023-05-01,"04","2","001",201
2023-05-01,"04","3","001",59
2023-05-01,"05","1","001",329
2023-05-01,"05","2","001",282
2023-05-01,"05","3","001",113
2023-05-01,"06","1","001",151
2023-05-01,"06","2","001",908
2023-05-01,"06","3","001",1179
2023-05-01,"07","1","001",293
2023-05-01,"07","2","001",344
2023-05-01,"07","3","001",162
2023-05-01,"08","1","001",182
2023-05-01,"08","2","001",102
2023-05-01,"08","3","001",21
2023-05-01,"09","1","001",114
2023-05-01,"09","2","001",31
2023-05-01,"09","3","001",3
2023-05-01,"11","1","001",172
2023-05-01,"11","2","001",37
2023-05-01,"11","3","001",6
2023-05-01,"12","1","001",657
2023-05-01,"12","2","001",293
2023-05-01,"12","3","001",68
2023-05-01,"13","1","001",55
2023-05-01,"13","2","001",239
2023-05-01,"13","3","001",215
2023-05-01,"14","1","001",379
2023-05-01,"14","2","001",533
2023-05-01,"14","3","001",199
2023-05-01,"15","1","001",501
2023-05-01,"15","2","001",699
2023-05-01,"15","3","001",500
2023-05-01,"16","1","001",555
2023-05-01,"16","2","001",1432
2023-05-01,"16","3","001",904
2023-05-01,"17","1","001",269
2023-05-01,"17","2","001",208
2023-05-01,"17","3","001",46
2023-06-01,"01","1","001",424
2023-06-01,"01","2","001",156
2023-06-01,"01","3","001",29
2023-06-01,"02","1","001",576
2023-06-01,"02","2","001",291
2023-06-01,"02","3","001",41
2023-06-01,"03","1","001",695
2023-06-01,"03","2","001",1225
2023-06-01,"03","3","001",319
2023-06-01,"04","1","001",412
2023-06-01,"04","2","001",312
2023-06-01,"04","3","001",58
2023-06-01,"05","1","001",310
2023-06-01,"05","2","001",394
2023-06-01,"05","3","001",151
2023-06-01,"06","1","001",153
2023-06-01,"06","2","001",1047
2023-06-01,"06","3","001",1546
2023-06-01,"07","1","001",296
2023-06-01,"07","2","001",439
2023-06-01,"07","3","001",224
2023-06-01,"08","1","001",218
2023-06-01,"08","2","001",157
2023-06-01,"08","3","001",17
2023-06-01,"09","1","001",130
2023-06-01,"09","2","001",62
2023-06-01,"09","3","001",5
2023-06-01,"11","1","001",167
2023-06-01,"11","2","001",43
2023-06-01,"11","3","001",8
2023-06-01,"12","1","001",748
2023-06-01,"12","2","001",520
2023-06-01,"12","3","001",101
2023-06-01,"13","1","001",61
2023-06-01,"13","2","001",379
2023-06-01,"13","3","001",360
2023-06-01,"14","1","001",440
2023-06-01,"14","2","001",760
2023-06-01,"14","3","001",341
2023-06-01,"15","1","001",558
2023-06-01,"15","2","001",934
2023-06-01,"15","3","001",731
2023-06-01,"16","1","001",606
2023-06-01,"16","2","001",2081
2023-06-01,"16","3","001",1381
2023-06-01,"17","1","001",342
2023-06-01,"17","2","001",279
2023-06-01,"17","3","001",57
2023-07-01,"01","1","001",387
2023-07-01,"01","2","001",162
2023-07-01,"01","3","001",22
2023-07-01,"02","1","001",445
2023-07-01,"02","2","001",252
2023-07-01,"02","3","001",34
2023-07-01,"03","1","001",601
2023-07-01,"03","2","001",867
2023-07-01,"03","3","001",240
2023-07-01,"04","1","001",411
2023-07-01,"04","2","001",242
2023-07-01,"04","3","001",39
2023-07-01,"05","1","001",332
2023-07-01,"05","2","001",287
2023-07-01,"05","3","001",111
2023-07-01,"06","1","001",151
2023-07-01,"06","2","001",814
2023-07-01,"06","3","001",1221
2023-07-01,"07","1","001",299
2023-07-01,"07","2","001",479
2023-07-01,"07","3","001",269
2023-07-01,"08","1","001",193
2023-07-01,"08","2","001",137
2023-07-01,"08","3","001",17
2023-07-01,"09","1","001",139
2023-07-01,"09","2","001",39
2023-07-01,"09","3","001",2
2023-07-01,"11","1","001",176
2023-07-01,"11","2","001",39
2023-07-01,"11","3","001",2
2023-07-01,"12","1","001",672
2023-07-01,"12","2","001",382
2023-07-01,"12","3","001",66
2023-07-01,"13","1","001",56
2023-07-01,"13","2","001",254
2023-07-01,"13","3","001",271
2023-07-01,"14","1","001",390
2023-07-01,"14","2","001",500
2023-07-01,"14","3","001",193
2023-07-01,"15","1","001",495
2023-07-01,"15","2","001",662
2023-07-01,"15","3","001",531
2023-07-01,"16","1","001",548
2023-07-01,"16","2","001",1491
2023-07-01,"16","3","001",1164
2023-07-01,"17","1","001",266
2023-07-01,"17","2","001",220
2023-07-01,"17","3","001",56
2023-08-01,"01","1","001",258
2023-08-01,"01","2","001",88
2023-08-01,"01","3","001",10
2023-08-01,"02","1","001",312
2023-08-01,"02","2","001",162
2023-08-01,"02","3","001",25
2023-08-01,"03","1","001",385
2023-08-01,"03","2","001",567
2023-08-01,"03","3","001",204
2023-08-01,"04","1","001",256
2023-08-01,"04","2","001",198
2023-08-01,"04","3","001",31
2023-08-01,"05","1","001",228
2023-08-01,"05","2","001",219
2023-08-01,"05","3","001",99
2023-08-01,"06","1","001",107
2023-08-01,"06","2","001",677
2023-08-01,"06","3","001",1142
2023-08-01,"07","1","001",272
2023-08-01,"07","2","001",415
2023-08-01,"07","3","001",217
2023-08-01,"08","1","001",180
2023-08-01,"08","2","001",99
2023-08-01,"08","3","001",24
2023-08-01,"09","1","001",83
2023-08-01,"09","2","001",30
2023-08-01,"09","3","001",9
2023-08-01,"11","1","001",160
2023-08-01,"11","2","001",34
2023-08-01,"11","3","001",4
2023-08-01,"12","1","001",464
2023-08-01,"12","2","001",222
2023-08-01,"12","3","001",52
2023-08-01,"13","1","001",57
2023-08-01,"13","2","001",197
2023-08-01,"13","3","001",203
2023-08-01,"14","1","001",308
2023-08-01,"14","2","001",381
2023-08-01,"14","3","001",189
2023-08-01,"15","1","001",386
2023-08-01,"15","2","001",518
2023-08-01,"15","3","001",466
2023-08-01,"16","1","001",398
2023-08-01,"16","2","001",1098
2023-08-01,"16","3","001",937
2023-08-01,"17","1","001",197
2023-08-01,"17","2","001",166
2023-08-01,"17","3","001",37
2023-09-01,"01","1","001",317
2023-09-01,"01","2","001",110
2023-09-01,"01","3","001",19
2023-09-01,"02","1","001",353
2023-09-01,"02","2","001",144
2023-09-01,"02","3","001",36
2023-09-01,"03","1","001",441
2023-09-01,"03","2","001",544
2023-09-01,"03","3","001",181
2023-09-01,"04","1","001",299
2023-09-01,"04","2","001",174
2023-09-01,"04","3","001",35
2023-09-01,"05","1","001",264
2023-09-01,"05","2","001",195
2023-09-01,"05","3","001",99
2023-09-01,"06","1","001",101
2023-09-01,"06","2","001",595
2023-09-01,"06","3","001",968
2023-09-01,"07","1","001",297
2023-09-01,"07","2","001",392
2023-09-01,"07","3","001",152
2023-09-01,"08","1","001",163
2023-09-01,"08","2","001",79
2023-09-01,"08","3","001",14
2023-09-01,"09","1","001",119
2023-09-01,"09","2","001",22
2023-09-01,"09","3","001",6
2023-09-01,"11","1","001",171
2023-09-01,"11","2","001",35
2023-09-01,"11","3","001",4
2023-09-01,"12","1","001",547
2023-09-01,"12","2","001",256
2023-09-01,"12","3","001",61
2023-09-01,"13","1","001",51
2023-09-01,"13","2","001",170
2023-09-01,"13","3","001",186
2023-09-01,"14","1","001",379
2023-09-01,"14","2","001",343
2023-09-01,"14","3","001",155
2023-09-01,"15","1","001",440
2023-09-01,"15","2","001",486
2023-09-01,"15","3","001",380
2023-09-01,"16","1","001",483
2023-09-01,"16","2","001",1008
2023-09-01,"16","3","001",796
2023-09-01,"17","1","001",230
2023-09-01,"17","2","001",168
2023-09-01,"17","3","001",38
2023-10-01,"01","1","001",347
2023-10-01,"01","2","001",91
2023-10-01,"01","3","001",17
2023-10-01,"02","1","001",350
2023-10-01,"02","2","001",127
2023-10-01,"02","3","001",23
2023-10-01,"03","1","001",435
2023-10-01,"03","2","001",514
2023-10-01,"03","3","001",190
2023-10-01,"04","1","001",294
2023-10-01,"04","2","001",151
2023-10-01,"04","3","001",33
2023-10-01,"05","1","001",278
2023-10-01,"05","2","001",200
2023-10-01,"05","3","001",113
2023-10-01,"06","1","001",114
2023-10-01,"06","2","001",593
2023-10-01,"06","3","001",896
2023-10-01,"07","1","001",298
2023-10-01,"07","2","001",288
2023-10-01,"07","3","001",156
2023-10-01,"08","1","001",162
2023-10-01,"08","2","001",68
2023-10-01,"08","3","001",15
2023-10-01,"09","1","001",115
2023-10-01,"09","2","001",23
2023-10-01,"09","3","001",5
2023-10-01,"11","1","001",177
2023-10-01,"11","2","001",35
2023-10-01,"11","3","001",7
2023-10-01,"12","1","001",544
2023-10-01,"12","2","001",260
2023-10-01,"12","3","001",52
2023-10-01,"13","1","001",47
2023-10-01,"13","2","001",148
2023-10-01,"13","3","001",175
2023-10-01,"14","1","001",370
2023-10-01,"14","2","001",338
2023-10-01,"14","3","001",171
2023-10-01,"15","1","001",450
2023-10-01,"15","2","001",424
2023-10-01,"15","3","001",400
2023-10-01,"16","1","001",474
2023-10-01,"16","2","001",946
2023-10-01,"16","3","001",725
2023-10-01,"17","1","001",203
2023-10-01,"17","2","001",163
2023-10-01,"17","3","001",54
2023-11-01,"01","1","001",277
2023-11-01,"01","2","001",77
2023-11-01,"01","3","001",15
2023-11-01,"02","1","001",352
2023-11-01,"02","2","001",118
2023-11-01,"02","3","001",17
2023-11-01,"03","1","001",454
2023-11-01,"03","2","001",482
2023-11-01,"03","3","001",160
2023-11-01,"04","1","001",283
2023-11-01,"04","2","001",164
2023-11-01,"04","3","001",32
2023-11-01,"05","1","001",243
2023-11-01,"05","2","001",175
2023-11-01,"05","3","001",82
2023-11-01,"06","1","001",148
2023-11-01,"06","2","001",695
2023-11-01,"06","3","001",935
2023-11-01,"07","1","001",293
2023-11-01,"07","2","001",308
2023-11-01,"07","3","001",170
2023-11-01,"08","1","001",151
2023-11-01,"08","2","001",57
2023-11-01,"08","3","001",11
2023-11-01,"09","1","001",103
2023-11-01,"09","2","001",26
2023-11-01,"09","3","001",4
2023-11-01,"11","1","001",153
2023-11-01,"11","2","001",32
2023-11-01,"11","3","001",2
2023-11-01,"12","1","001",499
2023-11-01,"12","2","001",204
2023-11-01,"12","3","001",71
2023-11-01,"13","1","001",39
2023-11-01,"13","2","001",176
2023-11-01,"13","3","001",157
2023-11-01,"14","1","001",358
2023-11-01,"14","2","001",329
2023-11-01,"14","3","001",159
2023-11-01,"15","1","001",453
2023-11-01,"15","2","001",514
2023-11-01,"15","3","001",400
2023-11-01,"16","1","001",458
2023-11-01,"16","2","001",912
2023-11-01,"16","3","001",726
2023-11-01,"17","1","001",210
2023-11-01,"17","2","001",165
2023-11-01,"17","3","001",36
2023-12-01,"01","1","001",264
2023-12-01,"01","2","001",95
2023-12-01,"01","3","001",18
2023-12-01,"02","1","001",348
2023-12-01,"02","2","001",139
2023-12-01,"02","3","001",27
2023-12-01,"03","1","001",435
2023-12-01,"03","2","001",447
2023-12-01,"03","3","001",168
2023-12-01,"04","1","001",323
2023-12-01,"04","2","001",162
2023-12-01,"04","3","001",33
2023-12-01,"05","1","001",295
2023-12-01,"05","2","001",188
2023-12-01,"05","3","001",97
2023-12-01,"06","1","001",157
2023-12-01,"06","2","001",684
2023-12-01,"06","3","001",937
2023-12-01,"07","1","001",257
2023-12-01,"07","2","001",249
2023-12-01,"07","3","001",122
2023-12-01,"08","1","001",168
2023-12-01,"08","2","001",58
2023-12-01,"08","3","001",10
2023-12-01,"09","1","001",88
2023-12-01,"09","2","001",33
2023-12-01,"09","3","001",3
2023-12-01,"11","1","001",151
2023-12-01,"11","2","001",32
2023-12-01,"11","3","001",1
2023-12-01,"12","1","001",542
2023-12-01,"12","2","001",198
2023-12-01,"12","3","001",66
2023-12-01,"13","1","001",59
2023-12-01,"13","2","001",161
2023-12-01,"13","3","001",148
2023-12-01,"14","1","001",318
2023-12-01,"14","2","001",331
2023-12-01,"14","3","001",161
2023-12-01,"15","1","001",432
2023-12-01,"15","2","001",473
2023-12-01,"15","3","001",412
2023-12-01,"16","1","001",452
2023-12-01,"16","2","001",840
2023-12-01,"16","3","001",707
2023-12-01,"17","1","001",176
2023-12-01,"17","2","001",116
2023-12-01,"17","3","001",45
2024-01-01,"01","1","001",137
2024-01-01,"01","2","001",46
2024-01-01,"01","3","001",10
2024-01-01,"02","1","001",169
2024-01-01,"02","2","001",83
2024-01-01,"02","3","001",19
2024-01-01,"03","1","001",250
2024-01-01,"03","2","001",240
2024-01-01,"03","3","001",90
2024-01-01,"04","1","001",169
2024-01-01,"04","2","001",84
2024-01-01,"04","3","001",23
2024-01-01,"05","1","001",166
2024-01-01,"05","2","001",123
2024-01-01,"05","3","001",70
2024-01-01,"06","1","001",101
2024-01-01,"06","2","001",456
2024-01-01,"06","3","001",577
2024-01-01,"07","1","001",152
2024-01-01,"07","2","001",165
2024-01-01,"07","3","001",80
2024-01-01,"08","1","001",72
2024-01-01,"08","2","001",30
2024-01-01,"08","3","001",10
2024-01-01,"09","1","001",46
2024-01-01,"09","2","001",22
2024-01-01,"09","3","001",2
2024-01-01,"11","1","001",106
2024-01-01,"11","2","001",20
2024-01-01,"11","3","001",3
2024-01-01,"12","1","001",271
2024-01-01,"12","2","001",101
2024-01-01,"12","3","001",31
2024-01-01,"13","1","001",33
2024-01-01,"13","2","001",102
2024-01-01,"13","3","001",96
2024-01-01,"14","1","001",213
2024-01-01,"14","2","001",185
2024-01-01,"14","3","001",82
2024-01-01,"15","1","001",241
2024-01-01,"15","2","001",290
2024-01-01,"15","3","001",214
2024-01-01,"16","1","001",323
2024-01-01,"16","2","001",570
2024-01-01,"16","3","001",404
2024-01-01,"17","1","001",104
2024-01-01,"17","2","001",84
2024-01-01,"17","3","001",28
2024-02-01,"01","1","001",206
2024-02-01,"01","2","001",55
2024-02-01,"01","3","001",12
2024-02-01,"02","1","001",279
2024-02-01,"02","2","001",80
2024-02-01,"02","3","001",19
2024-02-01,"03","1","001",348
2024-02-01,"03","2","001",288
2024-02-01,"03","3","001",96
2024-02-01,"04","1","001",251
2024-02-01,"04","2","001",103
2024-02-01,"04","3","001",26
2024-02-01,"05","1","001",226
2024-02-01,"05","2","001",150
2024-02-01,"05","3","001",79
2024-02-01,"06","1","001",120
2024-02-01,"06","2","001",497
2024-02-01,"06","3","001",600
2024-02-01,"07","1","001",223
2024-02-01,"07","2","001",180
2024-02-01,"07","3","001",101
2024-02-01,"08","1","001",81
2024-02-01,"08","2","001",53
2024-02-01,"08","3","001",13
2024-02-01,"09","1","001",77
2024-02-01,"09","2","001",8
2024-02-01,"09","3","001",3
2024-02-01,"11","1","001",115
2024-02-01,"11","2","001",8
2024-02-01,"11","3","001",3
2024-02-01,"12","1","001",399
2024-02-01,"12","2","001",145
2024-02-01,"12","3","001",41
2024-02-01,"13","1","001",48
2024-02-01,"13","2","001",113
2024-02-01,"13","3","001",106
2024-02-01,"14","1","001",290
2024-02-01,"14","2","001",235
2024-02-01,"14","3","001",106
2024-02-01,"15","1","001",309
2024-02-01,"15","2","001",309
2024-02-01,"15","3","001",253
2024-02-01,"16","1","001",378
2024-02-01,"16","2","001",594
2024-02-01,"16","3","001",452
2024-02-01,"17","1","001",141
2024-02-01,"17","2","001",98
2024-02-01,"17","3","001",39
2024-03-01,"01","1","001",189
2024-03-01,"01","2","001",42
2024-03-01,"01","3","001",15
2024-03-01,"02","1","001",236
2024-03-01,"02","2","001",101
2024-03-01,"02","3","001",27
2024-03-01,"03","1","001",344
2024-03-01,"03","2","001",401
2024-03-01,"03","3","001",127
2024-03-01,"04","1","001",216
2024-03-01,"04","2","001",132
2024-03-01,"04","3","001",34
2024-03-01,"05","1","001",219
2024-03-01,"05","2","001",185
2024-03-01,"05","3","001",78
2024-03-01,"06","1","001",118
2024-03-01,"06","2","001",615
2024-03-01,"06","3","001",855
2024-03-01,"07","1","001",174
2024-03-01,"07","2","001",210
2024-03-01,"07","3","001",115
2024-03-01,"08","1","001",112
2024-03-01,"08","2","001",53
2024-03-01,"08","3","001",10
2024-03-01,"09","1","001",81
2024-03-01,"09","2","001",19
2024-03-01,"09","3","001",2
2024-03-01,"11","1","001",112
2024-03-01,"11","2","001",12
2024-03-01,"11","3","001",1
2024-03-01,"12","1","001",419
2024-03-01,"12","2","001",160
2024-03-01,"12","3","001",46
2024-03-01,"13","1","001",44
2024-03-01,"13","2","001",175
2024-03-01,"13","3","001",150
2024-03-01,"14","1","001",271
2024-03-01,"14","2","001",268
2024-03-01,"14","3","001",141
2024-03-01,"15","1","001",346
2024-03-01,"15","2","001",409
2024-03-01,"15","3","001",331
2024-03-01,"16","1","001",321
2024-03-01,"16","2","001",821
2024-03-01,"16","3","001",586
2024-03-01,"17","1","001",150
2024-03-01,"17","2","001",96
2024-03-01,"17","3","001",34
2024-04-01,"01","1","001",230
2024-04-01,"01","2","001",91
2024-04-01,"01","3","001",24
2024-04-01,"02","1","001",315
2024-04-01,"02","2","001",145
2024-04-01,"02","3","001",24
2024-04-01,"03","1","001",483
2024-04-01,"03","2","001",486
2024-04-01,"03","3","001",178
2024-04-01,"04","1","001",314
2024-04-01,"04","2","001",154
2024-04-01,"04","3","001",42
2024-04-01,"05","1","001",227
2024-04-01,"05","2","001",232
2024-04-01,"05","3","001",107
2024-04-01,"06","1","001",127
2024-04-01,"06","2","001",716
2024-04-01,"06","3","001",1053
2024-04-01,"07","1","001",279
2024-04-01,"07","2","001",282
2024-04-01,"07","3","001",128
2024-04-01,"08","1","001",136
2024-04-01,"08","2","001",77
2024-04-01,"08","3","001",18
2024-04-01,"09","1","001",74
2024-04-01,"09","2","001",29
2024-04-01,"09","3","001",1
2024-04-01,"11","1","001",126
2024-04-01,"11","2","001",26
2024-04-01,"11","3","001",5
2024-04-01,"12","1","001",498
2024-04-01,"12","2","001",245
2024-04-01,"12","3","001",72
2024-04-01,"13","1","001",39
2024-04-01,"13","2","001",206
2024-04-01,"13","3","001",194
2024-04-01,"14","1","001",303
2024-04-01,"14","2","001",418
2024-04-01,"14","3","001",193
2024-04-01,"15","1","001",457
2024-04-01,"15","2","001",534
2024-04-01,"15","3","001",432
2024-04-01,"16","1","001",447
2024-04-01,"16","2","001",1101
2024-04-01,"16","3","001",889
2024-04-01,"17","1","001",195
2024-04-01,"17","2","001",164
2024-04-01,"17","3","001",44
2024-05-01,"01","1","001",329
2024-05-01,"01","2","001",126
2024-05-01,"01","3","001",22
2024-05-01,"02","1","001",414
2024-05-01,"02","2","001",223
2024-05-01,"02","3","001",44
2024-05-01,"03","1","001",578
2024-05-01,"03","2","001",988
2024-05-01,"03","3","001",329
2024-05-01,"04","1","001",360
2024-05-01,"04","2","001",268
2024-05-01,"04","3","001",57
2024-05-01,"05","1","001",314
2024-05-01,"05","2","001",391
2024-05-01,"05","3","001",176
2024-05-01,"06","1","001",167
2024-05-01,"06","2","001",1007
2024-05-01,"06","3","001",1584
2024-05-01,"07","1","001",336
2024-05-01,"07","2","001",454
2024-05-01,"07","3","001",234
2024-05-01,"08","1","001",174
2024-05-01,"08","2","001",125
2024-05-01,"08","3","001",20
2024-05-01,"09","1","001",106
2024-05-01,"09","2","001",42
2024-05-01,"09","3","001",3
2024-05-01,"11","1","001",175
2024-05-01,"11","2","001",47
2024-05-01,"11","3","001",6
2024-05-01,"12","1","001",667
2024-05-01,"12","2","001",420
2024-05-01,"12","3","001",106
2024-05-01,"13","1","001",55
2024-05-01,"13","2","001",265
2024-05-01,"13","3","001",320
2024-05-01,"14","1","001",357
2024-05-01,"14","2","001",624
2024-05-01,"14","3","001",336
2024-05-01,"15","1","001",503
2024-05-01,"15","2","001",833
2024-05-01,"15","3","001",745
2024-05-01,"16","1","001",516
2024-05-01,"16","2","001",1703
2024-05-01,"16","3","001",1355
2024-05-01,"17","1","001",228
2024-05-01,"17","2","001",278
2024-05-01,"17","3","001",80
2024-06-01,"01","1","001",353
2024-06-01,"01","2","001",182
2024-06-01,"01","3","001",37
2024-06-01,"02","1","001",485
2024-06-01,"02","2","001",352
2024-06-01,"02","3","001",75
2024-06-01,"03","1","001",635
2024-06-01,"03","2","001",1360
2024-06-01,"03","3","001",591
2024-06-01,"04","1","001",353
2024-06-01,"04","2","001",386
2024-06-01,"04","3","001",122
2024-06-01,"05","1","001",336
2024-06-01,"05","2","001",483
2024-06-01,"05","3","001",298
2024-06-01,"06","1","001",251
2024-06-01,"06","2","001",1187
2024-06-01,"06","3","001",2271
2024-06-01,"07","1","001",290
2024-06-01,"07","2","001",486
2024-06-01,"07","3","001",320
2024-06-01,"08","1","001",167
2024-06-01,"08","2","001",185
2024-06-01,"08","3","001",40
2024-06-01,"09","1","001",130
2024-06-01,"09","2","001",37
2024-06-01,"09","3","001",10
2024-06-01,"11","1","001",158
2024-06-01,"11","2","001",49
2024-06-01,"11","3","001",11
2024-06-01,"12","1","001",733
2024-06-01,"12","2","001",659
2024-06-01,"12","3","001",227
2024-06-01,"13","1","001",70
2024-06-01,"13","2","001",330
2024-06-01,"13","3","001",481
2024-06-01,"14","1","001",407
2024-06-01,"14","2","001",814
2024-06-01,"14","3","001",529
2024-06-01,"15","1","001",442
2024-06-01,"15","2","001",1005
2024-06-01,"15","3","001",1015
2024-06-01,"16","1","001",545
2024-06-01,"16","2","001",2211
2024-06-01,"16","3","001",2103
2024-06-01,"17","1","001",259
2024-06-01,"17","2","001",370
2024-06-01,"17","3","001",160
2024-07-01,"01","1","001",341
2024-07-01,"01","2","001",143
2024-07-01,"01","3","001",30
2024-07-01,"02","1","001",402
2024-07-01,"02","2","001",237
2024-07-01,"02","3","001",45
2024-07-01,"03","1","001",481
2024-07-01,"03","2","001",816
2024-07-01,"03","3","001",285
2024-07-01,"04","1","001",304
2024-07-01,"04","2","001",244
2024-07-01,"04","3","001",47
2024-07-01,"05","1","001",248
2024-07-01,"05","2","001",295
2024-07-01,"05","3","001",142
2024-07-01,"06","1","001",125
2024-07-01,"06","2","001",899
2024-07-01,"06","3","001",1346
2024-07-01,"07","1","001",248
2024-07-01,"07","2","001",428
2024-07-01,"07","3","001",280
2024-07-01,"08","1","001",180
2024-07-01,"08","2","001",117
2024-07-01,"08","3","001",17
2024-07-01,"09","1","001",100
2024-07-01,"09","2","001",39
2024-07-01,"09","3","001",6
2024-07-01,"11","1","001",163
2024-07-01,"11","2","001",41
2024-07-01,"11","3","001",2
2024-07-01,"12","1","001",628
2024-07-01,"12","2","001",415
2024-07-01,"12","3","001",90
2024-07-01,"13","1","001",60
2024-07-01,"13","2","001",193
2024-07-01,"13","3","001",337
2024-07-01,"14","1","001",359
2024-07-01,"14","2","001",504
2024-07-01,"14","3","001",274
2024-07-01,"15","1","001",420
2024-07-01,"15","2","001",653
2024-07-01,"15","3","001",606
2024-07-01,"16","1","001",524
2024-07-01,"16","2","001",1394
2024-07-01,"16","3","001",1238
2024-07-01,"17","1","001",213
2024-07-01,"17","2","001",239
2024-07-01,"17","3","001",52
2024-08-01,"01","1","001",225
2024-08-01,"01","2","001",102
2024-08-01,"01","3","001",18
2024-08-01,"02","1","001",249
2024-08-01,"02","2","001",195
2024-08-01,"02","3","001",60
2024-08-01,"03","1","001",351
2024-08-01,"03","2","001",603
2024-08-01,"03","3","001",276
2024-08-01,"04","1","001",244
2024-08-01,"04","2","001",197
2024-08-01,"04","3","001",42
2024-08-01,"05","1","001",227
2024-08-01,"05","2","001",257
2024-08-01,"05","3","001",144
2024-08-01,"06","1","001",125
2024-08-01,"06","2","001",719
2024-08-01,"06","3","001",1245
2024-08-01,"07","1","001",241
2024-08-01,"07","2","001",416
2024-08-01,"07","3","001",285
2024-08-01,"08","1","001",134
2024-08-01,"08","2","001",98
2024-08-01,"08","3","001",18
2024-08-01,"09","1","001",84
2024-08-01,"09","2","001",32
2024-08-01,"09","3","001",2
2024-08-01,"11","1","001",156
2024-08-01,"11","2","001",27
2024-08-01,"11","3","001",5
2024-08-01,"12","1","001",450
2024-08-01,"12","2","001",319
2024-08-01,"12","3","001",75
2024-08-01,"13","1","001",53
2024-08-01,"13","2","001",173
2024-08-01,"13","3","001",230
2024-08-01,"14","1","001",232
2024-08-01,"14","2","001",394
2024-08-01,"14","3","001",247
2024-08-01,"15","1","001",366
2024-08-01,"15","2","001",519
2024-08-01,"15","3","001",460
2024-08-01,"16","1","001",374
2024-08-01,"16","2","001",1102
2024-08-01,"16","3","001",1103
2024-08-01,"17","1","001",179
2024-08-01,"17","2","001",181
2024-08-01,"17","3","001",55
2024-09-01,"01","1","001",317
2024-09-01,"01","2","001",105
2024-09-01,"01","3","001",29
2024-09-01,"02","1","001",366
2024-09-01,"02","2","001",175
2024-09-01,"02","3","001",33
2024-09-01,"03","1","001",366
2024-09-01,"03","2","001",511
2024-09-01,"03","3","001",225
2024-09-01,"04","1","001",277
2024-09-01,"04","2","001",185
2024-09-01,"04","3","001",36
2024-09-01,"05","1","001",238
2024-09-01,"05","2","001",211
2024-09-01,"05","3","001",126
2024-09-01,"06","1","001",110
2024-09-01,"06","2","001",620
2024-09-01,"06","3","001",1049
2024-09-01,"07","1","001",230
2024-09-01,"07","2","001",318
2024-09-01,"07","3","001",171
2024-09-01,"08","1","001",162
2024-09-01,"08","2","001",103
2024-09-01,"08","3","001",22
2024-09-01,"09","1","001",122
2024-09-01,"09","2","001",34
2024-09-01,"09","3","001",4
2024-09-01,"11","1","001",159
2024-09-01,"11","2","001",44
2024-09-01,"11","3","001",6
2024-09-01,"12","1","001",506
2024-09-01,"12","2","001",265
2024-09-01,"12","3","001",75
2024-09-01,"13","1","001",40
2024-09-01,"13","2","001",147
2024-09-01,"13","3","001",214
2024-09-01,"14","1","001",346
2024-09-01,"14","2","001",350
2024-09-01,"14","3","001",191
2024-09-01,"15","1","001",402
2024-09-01,"15","2","001",520
2024-09-01,"15","3","001",418
2024-09-01,"16","1","001",429
2024-09-01,"16","2","001",1006
2024-09-01,"16","3","001",862
2024-09-01,"17","1","001",190
2024-09-01,"17","2","001",193
2024-09-01,"17","3","001",55
2024-10-01,"01","1","001",309
2024-10-01,"01","2","001",110
2024-10-01,"01","3","001",27
2024-10-01,"02","1","001",355
2024-10-01,"02","2","001",199
2024-10-01,"02","3","001",42
2024-10-01,"03","1","001",422
2024-10-01,"03","2","001",551
2024-10-01,"03","3","001",238
2024-10-01,"04","1","001",308
2024-10-01,"04","2","001",204
2024-10-01,"04","3","001",61
2024-10-01,"05","1","001",250
2024-10-01,"05","2","001",254
2024-10-01,"05","3","001",132
2024-10-01,"06","1","001",112
2024-10-01,"06","2","001",642
2024-10-01,"06","3","001",1198
2024-10-01,"07","1","001",291
2024-10-01,"07","2","001",381
2024-10-01,"07","3","001",194
2024-10-01,"08","1","001",165
2024-10-01,"08","2","001",117
2024-10-01,"08","3","001",22
2024-10-01,"09","1","001",95
2024-10-01,"09","2","001",41
2024-10-01,"09","3","001",6
2024-10-01,"11","1","001",148
2024-10-01,"11","2","001",39
2024-10-01,"11","3","001",1
2024-10-01,"12","1","001",583
2024-10-01,"12","2","001",313
2024-10-01,"12","3","001",82
2024-10-01,"13","1","001",65
2024-10-01,"13","2","001",175
2024-10-01,"13","3","001",257
2024-10-01,"14","1","001",394
2024-10-01,"14","2","001",443
2024-10-01,"14","3","001",212
2024-10-01,"15","1","001",457
2024-10-01,"15","2","001",537
2024-10-01,"15","3","001",536
2024-10-01,"16","1","001",496
2024-10-01,"16","2","001",1200
2024-10-01,"16","3","001",1014
2024-10-01,"17","1","001",185
2024-10-01,"17","2","001",200
2024-10-01,"17","3","001",59
2024-11-01,"01","1","001",301
2024-11-01,"01","2","001",117
2024-11-01,"01","3","001",23
2024-11-01,"02","1","001",343
2024-11-01,"02","2","001",204
2024-11-01,"02","3","001",37
2024-11-01,"03","1","001",414
2024-11-01,"03","2","001",680
2024-11-01,"03","3","001",274
2024-11-01,"04","1","001",301
2024-11-01,"04","2","001",214
2024-11-01,"04","3","001",68
2024-11-01,"05","1","001",249
2024-11-01,"05","2","001",252
2024-11-01,"05","3","001",113
2024-11-01,"06","1","001",147
2024-11-01,"06","2","001",675
2024-11-01,"06","3","001",1247
2024-11-01,"07","1","001",271
2024-11-01,"07","2","001",361
2024-11-01,"07","3","001",200
2024-11-01,"08","1","001",150
2024-11-01,"08","2","001",107
2024-11-01,"08","3","001",16
2024-11-01,"09","1","001",95
2024-11-01,"09","2","001",39
2024-11-01,"09","3","001",6
2024-11-01,"11","1","001",167
2024-11-01,"11","2","001",32
2024-11-01,"11","3","001",3
2024-11-01,"12","1","001",592
2024-11-01,"12","2","001",327
2024-11-01,"12","3","001",94
2024-11-01,"13","1","001",51
2024-11-01,"13","2","001",169
2024-11-01,"13","3","001",265
2024-11-01,"14","1","001",325
2024-11-01,"14","2","001",429
2024-11-01,"14","3","001",229
2024-11-01,"15","1","001",448
2024-11-01,"15","2","001",603
2024-11-01,"15","3","001",530
2024-11-01,"16","1","001",427
2024-11-01,"16","2","001",1137
2024-11-01,"16","3","001",1129
2024-11-01,"17","1","001",173
2024-11-01,"17","2","001",184
2024-11-01,"17","3","001",62
2024-12-01,"01","1","001",312
2024-12-01,"01","2","001",118
2024-12-01,"01","3","001",23
2024-12-01,"02","1","001",347
2024-12-01,"02","2","001",160
2024-12-01,"02","3","001",35
2024-12-01,"03","1","001",460
2024-12-01,"03","2","001",606
2024-12-01,"03","3","001",279
2024-12-01,"04","1","001",301
2024-12-01,"04","2","001",174
2024-12-01,"04","3","001",50
2024-12-01,"05","1","001",241
2024-12-01,"05","2","001",239
2024-12-01,"05","3","001",143
2024-12-01,"06","1","001",167
2024-12-01,"06","2","001",675
2024-12-01,"06","3","001",1307
2024-12-01,"07","1","001",242
2024-12-01,"07","2","001",307
2024-12-01,"07","3","001",186
2024-12-01,"08","1","001",154
2024-12-01,"08","2","001",96
2024-12-01,"08","3","001",18
2024-12-01,"09","1","001",78
2024-12-01,"09","2","001",30
2024-12-01,"09","3","001",6
2024-12-01,"11","1","001",148
2024-12-01,"11","2","001",31
2024-12-01,"11","3","001",4
2024-12-01,"12","1","001",556
2024-12-01,"12","2","001",283
2024-12-01,"12","3","001",94
2024-12-01,"13","1","001",78
2024-12-01,"13","2","001",187
2024-12-01,"13","3","001",267
2024-12-01,"14","1","001",314
2024-12-01,"14","2","001",392
2024-12-01,"14","3","001",263
2024-12-01,"15","1","001",446
2024-12-01,"15","2","001",506
2024-12-01,"15","3","001",597
2024-12-01,"16","1","001",492
2024-12-01,"16","2","001",1119
2024-12-01,"16","3","001",1070
2024-12-01,"17","1","001",157
2024-12-01,"17","2","001",180
2024-12-01,"17","3","001",69
2025-01-01,"01","1","001",197
2025-01-01,"01","2","001",66
2025-01-01,"01","3","001",11
2025-01-01,"02","1","001",216
2025-01-01,"02","2","001",99
2025-01-01,"02","3","001",26
2025-01-01,"03","1","001",291
2025-01-01,"03","2","001",384
2025-01-01,"03","3","001",205
2025-01-01,"04","1","001",202
2025-01-01,"04","2","001",137
2025-01-01,"04","3","001",45
2025-01-01,"05","1","001",182
2025-01-01,"05","2","001",189
2025-01-01,"05","3","001",105
2025-01-01,"06","1","001",96
2025-01-01,"06","2","001",517
2025-01-01,"06","3","001",953
2025-01-01,"07","1","001",174
2025-01-01,"07","2","001",237
2025-01-01,"07","3","001",143
2025-01-01,"08","1","001",95
2025-01-01,"08","2","001",60
2025-01-01,"08","3","001",19
2025-01-01,"09","1","001",65
2025-01-01,"09","2","001",30
2025-01-01,"09","3","001",2
2025-01-01,"11","1","001",109
2025-01-01,"11","2","001",22
2025-01-01,"11","3","001",6
2025-01-01,"12","1","001",400
2025-01-01,"12","2","001",205
2025-01-01,"12","3","001",60
2025-01-01,"13","1","001",32
2025-01-01,"13","2","001",108
2025-01-01,"13","3","001",164
2025-01-01,"14","1","001",227
2025-01-01,"14","2","001",316
2025-01-01,"14","3","001",182
2025-01-01,"15","1","001",333
2025-01-01,"15","2","001",396
2025-01-01,"15","3","001",390
2025-01-01,"16","1","001",328
2025-01-01,"16","2","001",830
2025-01-01,"16","3","001",713
2025-01-01,"17","1","001",129
2025-01-01,"17","2","001",129
2025-01-01,"17","3","001",54
