DT_DEBUT_MOIS,ID_REGN_ADMIN,CD_NATR_ACTE_JURDQ,NB_REQST
2020-01-01,"01","004",265
2020-01-01,"02","004",440
2020-01-01,"03","004",1153
2020-01-01,"04","004",445
2020-01-01,"05","004",595
2020-01-01,"06","004",3265
2020-01-01,"07","004",875
2020-01-01,"08","004",224
2020-01-01,"09","004",112
2020-01-01,"11","004",109
2020-01-01,"12","004",674
2020-01-01,"13","004",801
2020-01-01,"14","004",1057
2020-01-01,"15","004",1635
2020-01-01,"16","004",3373
2020-01-01,"17","004",419
2020-02-01,"01","004",291
2020-02-01,"02","004",486
2020-02-01,"03","004",1214
2020-02-01,"04","004",450
2020-02-01,"05","004",594
2020-02-01,"06","004",3361
2020-02-01,"07","004",842
2020-02-01,"08","004",229
2020-02-01,"09","004",92
2020-02-01,"11","004",124
2020-02-01,"12","004",707
2020-02-01,"13","004",861
2020-02-01,"14","004",1116
2020-02-01,"15","004",1770
2020-02-01,"16","004",3480
2020-02-01,"17","004",440
2020-03-01,"01","004",317
2020-03-01,"02","004",538
2020-03-01,"03","004",1548
2020-03-01,"04","004",482
2020-03-01,"05","004",664
2020-03-01,"06","004",3485
2020-03-01,"07","004",993
2020-03-01,"08","004",278
2020-03-01,"09","004",92
2020-03-01,"11","004",117
2020-03-01,"12","004",792
2020-03-01,"13","004",924
2020-03-01,"14","004",1181
2020-03-01,"15","004",1955
2020-03-01,"16","004",4090
2020-03-01,"17","004",539
2020-04-01,"01","004",375
2020-04-01,"02","004",634
2020-04-01,"03","004",1936
2020-04-01,"04","004",616
2020-04-01,"05","004",867
2020-04-01,"06","004",3817
2020-04-01,"07","004",1110
2020-04-01,"08","004",297
2020-04-01,"09","004",111
2020-04-01,"11","004",132
2020-04-01,"12","004",962
2020-04-01,"13","004",1157
2020-04-01,"14","004",1528
2020-04-01,"15","004",2314
2020-04-01,"16","004",4769
2020-04-01,"17","004",604
2020-05-01,"01","004",559
2020-05-01,"02","004",886
2020-05-01,"03","004",3016
2020-05-01,"04","004",757
2020-05-01,"05","004",1130
2020-05-01,"06","004",4049
2020-05-01,"07","004",1283
2020-05-01,"08","004",330
2020-05-01,"09","004",158
2020-05-01,"11","004",159
2020-05-01,"12","004",1555
2020-05-01,"13","004",1190
2020-05-01,"14","004",1941
2020-05-01,"15","004",2851
2020-05-01,"16","004",5937
2020-05-01,"17","004",787
2020-06-01,"01","004",647
2020-06-01,"02","004",1152
2020-06-01,"03","004",3456
2020-06-01,"04","004",944
2020-06-01,"05","004",1422
2020-06-01,"06","004",4769
2020-06-01,"07","004",1618
2020-06-01,"08","004",453
2020-06-01,"09","004",195
2020-06-01,"11","004",220
2020-06-01,"12","004",1715
2020-06-01,"13","004",1500
2020-06-01,"14","004",2431
2020-06-01,"15","004",3672
2020-06-01,"16","004",7607
2020-06-01,"17","004",915
2020-07-01,"01","004",559
2020-07-01,"02","004",967
2020-07-01,"03","004",2271
2020-07-01,"04","004",769
2020-07-01,"05","004",1108
2020-07-01,"06","004",4272
2020-07-01,"07","004",1787
2020-07-01,"08","004",491
2020-07-01,"09","004",206
2020-07-01,"11","004",233
2020-07-01,"12","004",1371
2020-07-01,"13","004",1206
2020-07-01,"14","004",1872
2020-07-01,"15","004",2848
2020-07-01,"16","004",5468
2020-07-01,"17","004",730
2020-08-01,"01","004",451
2020-08-01,"02","004",805
2020-08-01,"03","004",1867
2020-08-01,"04","004",624
2020-08-01,"05","004",892
2020-08-01,"06","004",4114
2020-08-01,"07","004",1744
2020-08-01,"08","004",466
2020-08-01,"09","004",133
2020-08-01,"11","004",192
2020-08-01,"12","004",1045
2020-08-01,"13","004",1106
2020-08-01,"14","004",1633
2020-08-01,"15","004",2773
2020-08-01,"16","004",5143
2020-08-01,"17","004",618
2020-09-01,"01","004",545
2020-09-01,"02","004",854
2020-09-01,"03","004",2127
2020-09-01,"04","004",759
2020-09-01,"05","004",1041
2020-09-01,"06","004",4411
2020-09-01,"07","004",1651
2020-09-01,"08","004",454
2020-09-01,"09","004",180
2020-09-01,"11","004",230
2020-09-01,"12","004",1232
2020-09-01,"13","004",1181
2020-09-01,"14","004",1829
2020-09-01,"15","004",2940
2020-09-01,"16","004",5444
2020-09-01,"17","004",662
2020-10-01,"01","004",562
2020-10-01,"02","004",873
2020-10-01,"03","004",2214
2020-10-01,"04","004",742
2020-10-01,"05","004",1145
2020-10-01,"06","004",4789
2020-10-01,"07","004",1853
2020-10-01,"08","004",434
2020-10-01,"09","004",176
2020-10-01,"11","004",238
2020-10-01,"12","004",1306
2020-10-01,"13","004",1331
2020-10-01,"14","004",2003
2020-10-01,"15","004",3387
2020-10-01,"16","004",5858
2020-10-01,"17","004",786
2020-11-01,"01","004",492
2020-11-01,"02","004",855
2020-11-01,"03","004",2158
2020-11-01,"04","004",732
2020-11-01,"05","004",980
2020-11-01,"06","004",4888
2020-11-01,"07","004",1739
2020-11-01,"08","004",411
2020-11-01,"09","004",161
2020-11-01,"11","004",219
2020-11-01,"12","004",1283
2020-11-01,"13","004",1349
2020-11-01,"14","004",1962
2020-11-01,"15","004",3366
2020-11-01,"16","004",6203
2020-11-01,"17","004",669
2020-12-01,"01","004",418
2020-12-01,"02","004",680
2020-12-01,"03","004",1931
2020-12-01,"04","004",695
2020-12-01,"05","004",991
2020-12-01,"06","004",4699
2020-12-01,"07","004",1483
2020-12-01,"08","004",406
2020-12-01,"09","004",132
2020-12-01,"11","004",175
2020-12-01,"12","004",1074
2020-12-01,"13","004",1124
2020-12-01,"14","004",1782
2020-12-01,"15","004",2846
2020-12-01,"16","004",5231
2020-12-01,"17","004",601
2021-01-01,"01","004",291
2021-01-01,"02","004",537
2021-01-01,"03","004",1510
2021-01-01,"04","004",555
2021-01-01,"05","004",753
2021-01-01,"06","004",3721
2021-01-01,"07","004",1275
2021-01-01,"08","004",271
2021-01-01,"09","004",105
2021-01-01,"11","004",107
2021-01-01,"12","004",764
2021-01-01,"13","004",974
2021-01-01,"14","004",1449
2021-01-01,"15","004",2529
2021-01-01,"16","004",4322
2021-01-01,"17","004",555
2021-02-01,"01","004",343
2021-02-01,"02","004",624
2021-02-01,"03","004",1757
2021-02-01,"04","004",669
2021-02-01,"05","004",864
2021-02-01,"06","004",3975
2021-02-01,"07","004",1298
2021-02-01,"08","004",302
2021-02-01,"09","004",127
2021-02-01,"11","004",141
2021-02-01,"12","004",959
2021-02-01,"13","004",1086
2021-02-01,"14","004",1603
2021-02-01,"15","004",2584
2021-02-01,"16","004",4748
2021-02-01,"17","004",613
2021-03-01,"01","004",425
2021-03-01,"02","004",815
2021-03-01,"03","004",2165
2021-03-01,"04","004",790
2021-03-01,"05","004",1055
2021-03-01,"06","004",4894
2021-03-01,"07","004",1570
2021-03-01,"08","004",357
2021-03-01,"09","004",164
2021-03-01,"11","004",203
2021-03-01,"12","004",1263
2021-03-01,"13","004",1238
2021-03-01,"14","004",1963
2021-03-01,"15","004",3295
2021-03-01,"16","004",5704
2021-03-01,"17","004",736
2021-04-01,"01","004",533
2021-04-01,"02","004",1022
2021-04-01,"03","004",2696
2021-04-01,"04","004",848
2021-04-01,"05","004",1211
2021-04-01,"06","004",4966
2021-04-01,"07","004",1700
2021-04-01,"08","004",467
2021-04-01,"09","004",191
2021-04-01,"11","004",218
2021-04-01,"12","004",1436
2021-04-01,"13","004",1294
2021-04-01,"14","004",2181
2021-04-01,"15","004",3426
2021-04-01,"16","004",6337
2021-04-01,"17","004",888
2021-05-01,"01","004",682
2021-05-01,"02","004",1269
2021-05-01,"03","004",3607
2021-05-01,"04","004",1122
2021-05-01,"05","004",1405
2021-05-01,"06","004",5662
2021-05-01,"07","004",2010
2021-05-01,"08","004",605
2021-05-01,"09","004",255
2021-05-01,"11","004",247
2021-05-01,"12","004",1917
2021-05-01,"13","004",1600
2021-05-01,"14","004",2563
2021-05-01,"15","004",4043
2021-05-01,"16","004",7405
2021-05-01,"17","004",974
2021-06-01,"01","004",883
2021-06-01,"02","004",1567
2021-06-01,"03","004",4213
2021-06-01,"04","004",1312
2021-06-01,"05","004",1744
2021-06-01,"06","004",6504
2021-06-01,"07","004",2268
2021-06-01,"08","004",637
2021-06-01,"09","004",303
2021-06-01,"11","004",291
2021-06-01,"12","004",2309
2021-06-01,"13","004",1748
2021-06-01,"14","004",2996
2021-06-01,"15","004",4830
2021-06-01,"16","004",9615
2021-06-01,"17","004",1207
2021-07-01,"01","004",582
2021-07-01,"02","004",942
2021-07-01,"03","004",2413
2021-07-01,"04","004",854
2021-07-01,"05","004",1086
2021-07-01,"06","004",4808
2021-07-01,"07","004",2032
2021-07-01,"08","004",488
2021-07-01,"09","004",214
2021-07-01,"11","004",213
2021-07-01,"12","004",1224
2021-07-01,"13","004",1299
2021-07-01,"14","004",1947
2021-07-01,"15","004",3060
2021-07-01,"16","004",6210
2021-07-01,"17","004",670
2021-08-01,"01","004",434
2021-08-01,"02","004",799
2021-08-01,"03","004",1890
2021-08-01,"04","004",715
2021-08-01,"05","004",970
2021-08-01,"06","004",4186
2021-08-01,"07","004",1854
2021-08-01,"08","004",377
2021-08-01,"09","004",183
2021-08-01,"11","004",165
2021-08-01,"12","004",1125
2021-08-01,"13","004",1145
2021-08-01,"14","004",1774
2021-08-01,"15","004",2830
2021-08-01,"16","004",5360
2021-08-01,"17","004",742
2021-09-01,"01","004",517
2021-09-01,"02","004",751
2021-09-01,"03","004",1949
2021-09-01,"04","004",782
2021-09-01,"05","004",1086
2021-09-01,"06","004",3968
2021-09-01,"07","004",1676
2021-09-01,"08","004",409
2021-09-01,"09","004",192
2021-09-01,"11","004",246
2021-09-01,"12","004",1067
2021-09-01,"13","004",1090
2021-09-01,"14","004",1923
2021-09-01,"15","004",2908
2021-09-01,"16","004",5478
2021-09-01,"17","004",669
2021-10-01,"01","004",435
2021-10-01,"02","004",798
2021-10-01,"03","004",1714
2021-10-01,"04","004",681
2021-10-01,"05","004",895
2021-10-01,"06","004",3961
2021-10-01,"07","004",1652
2021-10-01,"08","004",380
2021-10-01,"09","004",215
2021-10-01,"11","004",196
2021-10-01,"12","004",1044
2021-10-01,"13","004",1090
2021-10-01,"14","004",1656
2021-10-01,"15","004",2698
2021-10-01,"16","004",5058
2021-10-01,"17","004",664
2021-11-01,"01","004",495
2021-11-01,"02","004",809
2021-11-01,"03","004",1982
2021-11-01,"04","004",837
2021-11-01,"05","004",1070
2021-11-01,"06","004",4467
2021-11-01,"07","004",1663
2021-11-01,"08","004",413
2021-11-01,"09","004",178
2021-11-01,"11","004",237
2021-11-01,"12","004",1174
2021-11-01,"13","004",1210
2021-11-01,"14","004",1912
2021-11-01,"15","004",3135
2021-11-01,"16","004",5712
2021-11-01,"17","004",703
2021-12-01,"01","004",399
2021-12-01,"02","004",632
2021-12-01,"03","004",1764
2021-12-01,"04","004",724
2021-12-01,"05","004",894
2021-12-01,"06","004",3899
2021-12-01,"07","004",1381
2021-12-01,"08","004",341
2021-12-01,"09","004",179
2021-12-01,"11","004",156
2021-12-01,"12","004",980
2021-12-01,"13","004",979
2021-12-01,"14","004",1581
2021-12-01,"15","004",2594
2021-12-01,"16","004",4648
2021-12-01,"17","004",598
2022-01-01,"01","004",281
2022-01-01,"02","004",571
2022-01-01,"03","004",1456
2022-01-01,"04","004",544
2022-01-01,"05","004",746
2022-01-01,"06","004",3580
2022-01-01,"07","004",1232
2022-01-01,"08","004",291
2022-01-01,"09","004",102
2022-01-01,"11","004",129
2022-01-01,"12","004",749
2022-01-01,"13","004",820
2022-01-01,"14","004",1361
2022-01-01,"15","004",2285
2022-01-01,"16","004",4062
2022-01-01,"17","004",558
2022-02-01,"01","004",337
2022-02-01,"02","004",597
2022-02-01,"03","004",1641
2022-02-01,"04","004",622
2022-02-01,"05","004",820
2022-02-01,"06","004",3656
2022-02-01,"07","004",1321
2022-02-01,"08","004",295
2022-02-01,"09","004",136
2022-02-01,"11","004",154
2022-02-01,"12","004",930
2022-02-01,"13","004",978
2022-02-01,"14","004",1492
2022-02-01,"15","004",2365
2022-02-01,"16","004",4371
2022-02-01,"17","004",604
2022-03-01,"01","004",433
2022-03-01,"02","004",787
2022-03-01,"03","004",1906
2022-03-01,"04","004",767
2022-03-01,"05","004",923
2022-03-01,"06","004",4331
2022-03-01,"07","004",1462
2022-03-01,"08","004",356
2022-03-01,"09","004",149
2022-03-01,"11","004",209
2022-03-01,"12","004",1039
2022-03-01,"13","004",1157
2022-03-01,"14","004",1776
2022-03-01,"15","004",2823
2022-03-01,"16","004",5332
2022-03-01,"17","004",747
2022-04-01,"01","004",476
2022-04-01,"02","004",879
2022-04-01,"03","004",2078
2022-04-01,"04","004",778
2022-04-01,"05","004",1031
2022-04-01,"06","004",4315
2022-04-01,"07","004",1482
2022-04-01,"08","004",360
2022-04-01,"09","004",150
2022-04-01,"11","004",167
2022-04-01,"12","004",1191
2022-04-01,"13","004",1133
2022-04-01,"14","004",1868
2022-04-01,"15","004",2984
2022-04-01,"16","004",5387
2022-04-01,"17","004",815
2022-05-01,"01","004",596
2022-05-01,"02","004",1100
2022-05-01,"03","004",2910
2022-05-01,"04","004",994
2022-05-01,"05","004",1289
2022-05-01,"06","004",5177
2022-05-01,"07","004",1738
2022-05-01,"08","004",458
2022-05-01,"09","004",241
2022-05-01,"11","004",226
2022-05-01,"12","004",1559
2022-05-01,"13","004",1343
2022-05-01,"14","004",2199
2022-05-01,"15","004",3481
2022-05-01,"16","004",6586
2022-05-01,"17","004",949
2022-06-01,"01","004",720
2022-06-01,"02","004",1350
2022-06-01,"03","004",3592
2022-06-01,"04","004",1205
2022-06-01,"05","004",1454
2022-06-01,"06","004",5442
2022-06-01,"07","004",1937
2022-06-01,"08","004",592
2022-06-01,"09","004",268
2022-06-01,"11","004",288
2022-06-01,"12","004",1956
2022-06-01,"13","004",1565
2022-06-01,"14","004",2553
2022-06-01,"15","004",3913
2022-06-01,"16","004",7833
2022-06-01,"17","004",1107
2022-07-01,"01","004",509
2022-07-01,"02","004",851
2022-07-01,"03","004",2270
2022-07-01,"04","004",733
2022-07-01,"05","004",988
2022-07-01,"06","004",3953
2022-07-01,"07","004",1695
2022-07-01,"08","004",495
2022-07-01,"09","004",196
2022-07-01,"11","004",235
2022-07-01,"12","004",1298
2022-07-01,"13","004",1101
2022-07-01,"14","004",1887
2022-07-01,"15","004",2823
2022-07-01,"16","004",5362
2022-07-01,"17","004",723
2022-08-01,"01","004",372
2022-08-01,"02","004",742
2022-08-01,"03","004",1627
2022-08-01,"04","004",723
2022-08-01,"05","004",864
2022-08-01,"06","004",3194
2022-08-01,"07","004",1547
2022-08-01,"08","004",417
2022-08-01,"09","004",182
2022-08-01,"11","004",172
2022-08-01,"12","004",905
2022-08-01,"13","004",922
2022-08-01,"14","004",1498
2022-08-01,"15","004",2454
2022-08-01,"16","004",4336
2022-08-01,"17","004",596
2022-09-01,"01","004",416
2022-09-01,"02","004",767
2022-09-01,"03","004",1646
2022-09-01,"04","004",642
2022-09-01,"05","004",843
2022-09-01,"06","004",2768
2022-09-01,"07","004",1237
2022-09-01,"08","004",347
2022-09-01,"09","004",183
2022-09-01,"11","004",227
2022-09-01,"12","004",995
2022-09-01,"13","004",820
2022-09-01,"14","004",1467
2022-09-01,"15","004",2390
2022-09-01,"16","004",4037
2022-09-01,"17","004",560
2022-10-01,"01","004",365
2022-10-01,"02","004",624
2022-10-01,"03","004",1487
2022-10-01,"04","004",669
2022-10-01,"05","004",758
2022-10-01,"06","004",2572
2022-10-01,"07","004",1154
2022-10-01,"08","004",277
2022-10-01,"09","004",154
2022-10-01,"11","004",174
2022-10-01,"12","004",912
2022-10-01,"13","004",701
2022-10-01,"14","004",1478
2022-10-01,"15","004",2025
2022-10-01,"16","004",3571
2022-10-01,"17","004",501
2022-11-01,"01","004",403
2022-11-01,"02","004",661
2022-11-01,"03","004",1590
2022-11-01,"04","004",669
2022-11-01,"05","004",769
2022-11-01,"06","004",2848
2022-11-01,"07","004",1125
2022-11-01,"08","004",324
2022-11-01,"09","004",199
2022-11-01,"11","004",183
2022-11-01,"12","004",916
2022-11-01,"13","004",881
2022-11-01,"14","004",1441
2022-11-01,"15","004",2148
2022-11-01,"16","004",3776
2022-11-01,"17","004",564
2022-12-01,"01","004",347
2022-12-01,"02","004",545
2022-12-01,"03","004",1328
2022-12-01,"04","004",531
2022-12-01,"05","004",655
2022-12-01,"06","004",2560
2022-12-01,"07","004",923
2022-12-01,"08","004",229
2022-12-01,"09","004",145
2022-12-01,"11","004",153
2022-12-01,"12","004",838
2022-12-01,"13","004",693
2022-12-01,"14","004",1246
2022-12-01,"15","004",1767
2022-12-01,"16","004",3210
2022-12-01,"17","004",450
2023-01-01,"01","004",221
2023-01-01,"02","004",388
2023-01-01,"03","004",998
2023-01-01,"04","004",406
2023-01-01,"05","004",475
2023-01-01,"06","004",1954
2023-01-01,"07","004",769
2023-01-01,"08","004",209
2023-01-01,"09","004",89
2023-01-01,"11","004",100
2023-01-01,"12","004",545
2023-01-01,"13","004",547
2023-01-01,"14","004",884
2023-01-01,"15","004",1301
2023-01-01,"16","004",2388
2023-01-01,"17","004",350
2023-02-01,"01","004",220
2023-02-01,"02","004",421
2023-02-01,"03","004",954
2023-02-01,"04","004",428
2023-02-01,"05","004",514
2023-02-01,"06","004",2088
2023-02-01,"07","004",762
2023-02-01,"08","004",185
2023-02-01,"09","004",96
2023-02-01,"11","004",106
2023-02-01,"12","004",564
2023-02-01,"13","004",515
2023-02-01,"14","004",926
2023-02-01,"15","004",1253
2023-02-01,"16","004",2402
2023-02-01,"17","004",375
2023-03-01,"01","004",294
2023-03-01,"02","004",543
2023-03-01,"03","004",1305
2023-03-01,"04","004",526
2023-03-01,"05","004",614
2023-03-01,"06","004",2489
2023-03-01,"07","004",884
2023-03-01,"08","004",233
2023-03-01,"09","004",122
2023-03-01,"11","004",130
2023-03-01,"12","004",744
2023-03-01,"13","004",713
2023-03-01,"14","004",1182
2023-03-01,"15","004",1806
2023-03-01,"16","004",3245
2023-03-01,"17","004",472
2023-04-01,"01","004",310
2023-04-01,"02","004",554
2023-04-01,"03","004",1407
2023-04-01,"04","004",528
2023-04-01,"05","004",627
2023-04-01,"06","004",2483
2023-04-01,"07","004",862
2023-04-01,"08","004",273
2023-04-01,"09","004",145
2023-04-01,"11","004",137
2023-04-01,"12","004",818
2023-04-01,"13","004",729
2023-04-01,"14","004",1181
2023-04-01,"15","004",1684
2023-04-01,"16","004",3154
2023-04-01,"17","004",443
2023-05-01,"01","004",477
2023-05-01,"02","004",852
2023-05-01,"03","004",2283
2023-05-01,"04","004",733
2023-05-01,"05","004",960
2023-05-01,"06","004",3584
2023-05-01,"07","004",1210
2023-05-01,"08","004",389
2023-05-01,"09","004",181
2023-05-01,"11","004",203
2023-05-01,"12","004",1179
2023-05-01,"13","004",1041
2023-05-01,"14","004",1628
2023-05-01,"15","004",2516
2023-05-01,"16","004",4702
2023-05-01,"17","004",676
2023-06-01,"01","004",565
2023-06-01,"02","004",999
2023-06-01,"03","004",2671
2023-06-01,"04","004",916
2023-06-01,"05","004",1013
2023-06-01,"06","004",3847
2023-06-01,"07","004",1371
2023-06-01,"08","004",445
2023-06-01,"09","004",221
2023-06-01,"11","004",190
2023-06-01,"12","004",1434
2023-06-01,"13","004",1201
2023-06-01,"14","004",1940
2023-06-01,"15","004",2755
2023-06-01,"16","004",5531
2023-06-01,"17","004",797
2023-07-01,"01","004",471
2023-07-01,"02","004",807
2023-07-01,"03","004",2000
2023-07-01,"04","004",721
2023-07-01,"05","004",853
2023-07-01,"06","004",3458
2023-07-01,"07","004",1506
2023-07-01,"08","004",446
2023-07-01,"09","004",179
2023-07-01,"11","004",211
2023-07-01,"12","004",1117
2023-07-01,"13","004",1000
2023-07-01,"14","004",1558
2023-07-01,"15","004",2403
2023-07-01,"16","004",4562
2023-07-01,"17","004",626
2023-08-01,"01","004",374
2023-08-01,"02","004",663
2023-08-01,"03","004",1617
2023-08-01,"04","004",653
2023-08-01,"05","004",788
2023-08-01,"06","004",3052
2023-08-01,"07","004",1275
2023-08-01,"08","004",345
2023-08-01,"09","004",162
2023-08-01,"11","004",139
2023-08-01,"12","004",935
2023-08-01,"13","004",832
2023-08-01,"14","004",1305
2023-08-01,"15","004",2054
2023-08-01,"16","004",3978
2023-08-01,"17","004",594
2023-09-01,"01","004",390
2023-09-01,"02","004",598
2023-09-01,"03","004",1528
2023-09-01,"04","004",620
2023-09-01,"05","004",670
2023-09-01,"06","004",2639
2023-09-01,"07","004",1065
2023-09-01,"08","004",280
2023-09-01,"09","004",173
2023-09-01,"11","004",178
2023-09-01,"12","004",855
2023-09-01,"13","004",718
2023-09-01,"14","004",1231
2023-09-01,"15","004",1831
2023-09-01,"16","004",3406
2023-09-01,"17","004",515
2023-10-01,"01","004",407
2023-10-01,"02","004",608
2023-10-01,"03","004",1562
2023-10-01,"04","004",540
2023-10-01,"05","004",718
2023-10-01,"06","004",2619
2023-10-01,"07","004",1068
2023-10-01,"08","004",277
2023-10-01,"09","004",145
2023-10-01,"11","004",141
2023-10-01,"12","004",922
2023-10-01,"13","004",677
2023-10-01,"14","004",1203
2023-10-01,"15","004",1793
2023-10-01,"16","004",3327
2023-10-01,"17","004",534
2023-11-01,"01","004",317
2023-11-01,"02","004",685
2023-11-01,"03","004",1515
2023-11-01,"04","004",647
2023-11-01,"05","004",663
2023-11-01,"06","004",2798
2023-11-01,"07","004",1051
2023-11-01,"08","004",270
2023-11-01,"09","004",107
2023-11-01,"11","004",167
2023-11-01,"12","004",872
2023-11-01,"13","004",760
2023-11-01,"14","004",1249
2023-11-01,"15","004",1941
2023-11-01,"16","004",3391
2023-11-01,"17","004",517
2023-12-01,"01","004",305
2023-12-01,"02","004",472
2023-12-01,"03","004",1158
2023-12-01,"04","004",506
2023-12-01,"05","004",651
2023-12-01,"06","004",2470
2023-12-01,"07","004",836
2023-12-01,"08","004",214
2023-12-01,"09","004",136
2023-12-01,"11","004",141
2023-12-01,"12","004",670
2023-12-01,"13","004",614
2023-12-01,"14","004",992
2023-12-01,"15","004",1595
2023-12-01,"16","004",2871
2023-12-01,"17","004",490
2024-01-01,"01","004",248
2024-01-01,"02","004",370
2024-01-01,"03","004",973
2024-01-01,"04","004",417
2024-01-01,"05","004",495
2024-01-01,"06","004",1994
2024-01-01,"07","004",701
2024-01-01,"08","004",168
2024-01-01,"09","004",92
2024-01-01,"11","004",106
2024-01-01,"12","004",561
2024-01-01,"13","004",504
2024-01-01,"14","004",799
2024-01-01,"15","004",1266
2024-01-01,"16","004",2429
2024-01-01,"17","004",362
2024-02-01,"01","004",248
2024-02-01,"02","004",445
2024-02-01,"03","004",1174
2024-02-01,"04","004",507
2024-02-01,"05","004",590
2024-02-01,"06","004",2218
2024-02-01,"07","004",739
2024-02-01,"08","004",234
2024-02-01,"09","004",97
2024-02-01,"11","004",111
2024-02-01,"12","004",708
2024-02-01,"13","004",602
2024-02-01,"14","004",984
2024-02-01,"15","004",1450
2024-02-01,"16","004",2594
2024-02-01,"17","004",425
2024-03-01,"01","004",227
2024-03-01,"02","004",504
2024-03-01,"03","004",1256
2024-03-01,"04","004",537
2024-03-01,"05","004",627
2024-03-01,"06","004",2337
2024-03-01,"07","004",838
2024-03-01,"08","004",201
2024-03-01,"09","004",113
2024-03-01,"11","004",103
2024-03-01,"12","004",729
2024-03-01,"13","004",649
2024-03-01,"14","004",1011
2024-03-01,"15","004",1594
2024-03-01,"16","004",2945
2024-03-01,"17","004",405
2024-04-01,"01","004",365
2024-04-01,"02","004",687
2024-04-01,"03","004",1729
2024-04-01,"04","004",683
2024-04-01,"05","004",816
2024-04-01,"06","004",3131
2024-04-01,"07","004",1085
2024-04-01,"08","004",290
2024-04-01,"09","004",132
2024-04-01,"11","004",156
2024-04-01,"12","004",955
2024-04-01,"13","004",874
2024-04-01,"14","004",1393
2024-04-01,"15","004",2182
2024-04-01,"16","004",3975
2024-04-01,"17","004",603
2024-05-01,"01","004",467
2024-05-01,"02","004",842
2024-05-01,"03","004",2459
2024-05-01,"04","004",790
2024-05-01,"05","004",1069
2024-05-01,"06","004",3897
2024-05-01,"07","004",1378
2024-05-01,"08","004",384
2024-05-01,"09","004",190
2024-05-01,"11","004",223
2024-05-01,"12","004",1353
2024-05-01,"13","004",1110
2024-05-01,"14","004",1904
2024-05-01,"15","004",2711
2024-05-01,"16","004",5344
2024-05-01,"17","004",754
2024-06-01,"01","004",541
2024-06-01,"02","004",1001
2024-06-01,"03","004",2798
2024-06-01,"04","004",865
2024-06-01,"05","004",1174
2024-06-01,"06","004",4329
2024-06-01,"07","004",1430
2024-06-01,"08","004",435
2024-06-01,"09","004",162
2024-06-01,"11","004",180
2024-06-01,"12","004",1617
2024-06-01,"13","004",1123
2024-06-01,"14","004",1989
2024-06-01,"15","004",2934
2024-06-01,"16","004",5919
2024-06-01,"17","004",866
2024-07-01,"01","004",508
2024-07-01,"02","004",814
2024-07-01,"03","004",2150
2024-07-01,"04","004",721
2024-07-01,"05","004",888
2024-07-01,"06","004",3526
2024-07-01,"07","004",1406
2024-07-01,"08","004",359
2024-07-01,"09","004",198
2024-07-01,"11","004",190
2024-07-01,"12","004",1175
2024-07-01,"13","004",1055
2024-07-01,"14","004",1684
2024-07-01,"15","004",2419
2024-07-01,"16","004",4782
2024-07-01,"17","004",648
2024-08-01,"01","004",371
2024-08-01,"02","004",674
2024-08-01,"03","004",1548
2024-08-01,"04","004",653
2024-08-01,"05","004",743
2024-08-01,"06","004",3081
2024-08-01,"07","004",1236
2024-08-01,"08","004",336
2024-08-01,"09","004",139
2024-08-01,"11","004",176
2024-08-01,"12","004",961
2024-08-01,"13","004",796
2024-08-01,"14","004",1292
2024-08-01,"15","004",1966
2024-08-01,"16","004",3979
2024-08-01,"17","004",582
2024-09-01,"01","004",429
2024-09-01,"02","004",727
2024-09-01,"03","004",1496
2024-09-01,"04","004",642
2024-09-01,"05","004",759
2024-09-01,"06","004",2804
2024-09-01,"07","004",1202
2024-09-01,"08","004",325
2024-09-01,"09","004",200
2024-09-01,"11","004",179
2024-09-01,"12","004",969
2024-09-01,"13","004",788
2024-09-01,"14","004",1316
2024-09-01,"15","004",1968
2024-09-01,"16","004",3613
2024-09-01,"17","004",534
2024-10-01,"01","004",421
2024-10-01,"02","004",785
2024-10-01,"03","004",1795
2024-10-01,"04","004",771
2024-10-01,"05","004",846
2024-10-01,"06","004",3150
2024-10-01,"07","004",1306
2024-10-01,"08","004",345
2024-10-01,"09","004",179
2024-10-01,"11","004",172
2024-10-01,"12","004",1083
2024-10-01,"13","004",933
2024-10-01,"14","004",1540
2024-10-01,"15","004",2384
2024-10-01,"16","004",4237
2024-10-01,"17","004",615
2024-11-01,"01","004",403
2024-11-01,"02","004",724
2024-11-01,"03","004",1962
2024-11-01,"04","004",693
2024-11-01,"05","004",793
2024-11-01,"06","004",3292
2024-11-01,"07","004",1249
2024-11-01,"08","004",302
2024-11-01,"09","004",158
2024-11-01,"11","004",191
2024-11-01,"12","004",1058
2024-11-01,"13","004",881
2024-11-01,"14","004",1424
2024-11-01,"15","004",2237
2024-11-01,"16","004",4349
2024-11-01,"17","004",603
2024-12-01,"01","004",437
2024-12-01,"02","004",688
2024-12-01,"03","004",1618
2024-12-01,"04","004",618
2024-12-01,"05","004",722
2024-12-01,"06","004",3115
2024-12-01,"07","004",1033
2024-12-01,"08","004",294
2024-12-01,"09","004",137
2024-12-01,"11","004",145
2024-12-01,"12","004",975
2024-12-01,"13","004",835
2024-12-01,"14","004",1328
2024-12-01,"15","004",2023
2024-12-01,"16","004",3770
2024-12-01,"17","004",508
2025-01-01,"01","004",297
2025-01-01,"02","004",564
2025-01-01,"03","004",1431
2025-01-01,"04","004",554
2025-01-01,"05","004",743
2025-01-01,"06","004",2918
2025-01-01,"07","004",1028
2025-01-01,"08","004",260
2025-01-01,"09","004",130
2025-01-01,"11","004",114
2025-01-01,"12","004",835
2025-01-01,"13","004",776
2025-01-01,"14","004",1183
2025-01-01,"15","004",1873
2025-01-01,"16","004",3513
2025-01-01,"17","004",567
